match_id,source,source_match_id,date,season,competition,team,opponent,venue,player_id,player_name,position,started,minutes,shots,shots_on_target,goals,assists,xg,fouls_committed,fouls_won,yellow_cards,red_cards,substitution_on_minute,substitution_off_minute,availability_status,source_updated_at,data_status,notes
15946,StatsBomb Open Data,15946,2018-01-28,2017/18,La Liga,Barcelona,Deportivo Alavés,Home,20055,Marc-André ter Stegen,Goalkeeper,True,90.0,0,0,0,,,,,,,,,,observed_event_sample,2026-09-28,Source match is StatsBomb open-data match 15946.
15946,StatsBomb Open Data,15946,2018-01-28,2017/18,La Liga,Barcelona,Deportivo Alavés,Home,5503,Lionel Andrés Messi Cuccittini,Left Center Forward,True,90.0,1,0,0,,,,,,,,,,observed_event_sample,2026-09-28,Observed shot event from public StatsBomb/Kloppy example.
15946,StatsBomb Open Data,15946,2018-01-28,2017/18,La Liga,Barcelona,Deportivo Alavés,Home,5211,Jordi Alba Ramos,Left Back,True,90.0,1,0,0,,,,,,,,,,observed_event_sample,2026-09-28,Observed shot event from public StatsBomb/Kloppy example.
15946,StatsBomb Open Data,15946,2018-01-28,2017/18,La Liga,Deportivo Alavés,Barcelona,Home,6613,Rubén Sobrino Pozuelo,Center Forward,True,70.0,1,0,0,,,,,,,,,,observed_event_sample,2026-09-28,Observed shot event; lineup interval ends 70:30.
15946,StatsBomb Open Data,15946,2018-01-28,2017/18,La Liga,Barcelona,Deportivo Alavés,Home,5246,Luis Alberto Suárez Díaz,Center Forward,True,90.0,1,0,0,,,,,,,,,,observed_event_sample,2026-09-28,Observed shot event from public StatsBomb/Kloppy example.
15946,StatsBomb Open Data,15946,2018-01-28,2017/18,La Liga,Deportivo Alavés,Barcelona,Home,6935,Adrián Marín Gómez,,False,,1,0,0,,,,,,,,,,observed_event_sample,2026-09-28,Observed shot event shown in public example; lineup/minutes not asserted.
15946,StatsBomb Open Data,15946,2018-01-28,2017/18,La Liga,Barcelona,Deportivo Alavés,Home,3501,Philippe Coutinho Correia,Left Wing,False,45.0,1,0,0,,,,,,,,,,observed_event_sample,2026-09-28,Observed shot event; lineup shows second-half participation.
15946,StatsBomb Open Data,15946,2018-01-28,2017/18,La Liga,Barcelona,Deportivo Alavés,Home,3501,Philippe Coutinho Correia,Left Wing,False,45.0,1,0,1,,,,,,,,,,observed_event_sample,2026-09-28,Observed goal flag in displayed sample.
15946,StatsBomb Open Data,15946,2018-01-28,2017/18,La Liga,Barcelona,Deportivo Alavés,Home,5503,Lionel Andrés Messi Cuccittini,Left Center Forward,True,90.0,1,0,0,,,,,,,,,,observed_event_sample,2026-09-28,Additional observed shot event from displayed sample.
15946,StatsBomb Open Data,15946,2018-01-28,2017/18,La Liga,Barcelona,Deportivo Alavés,Home,5503,Lionel Andrés Messi Cuccittini,Left Center Forward,True,90.0,1,0,1,,,,,,,,,,observed_event_sample,2026-09-28,Additional displayed sample row with goal flag true.
