date,home_team,away_team,home_goals,away_goals,home_shots,away_shots,home_sot,away_sot,home_corners,away_corners
2026-08-21,Vicenza,Catanzaro,3,2,23,13,9,6,10,6
2026-08-22,Carrarese,Mantova,1,2,10,12,2,4,2,3
2026-08-22,Sudtirol,Virtus Entella,1,0,8,15,2,3,1,5
2026-08-22,Avellino,Arezzo,1,2,11,16,3,3,4,2
2026-08-22,Benevento,Modena,1,2,16,13,3,4,8,4
2026-08-22,Empoli,Cremonese,1,0,10,15,5,2,2,5
2026-08-23,Pisa,Padova,0,1,22,11,7,2,4,6
2026-08-23,Verona,Ascoli,1,2,24,10,7,3,5,4
2026-08-23,Cesena,Sampdoria,1,1,7,21,2,9,0,12
2026-08-23,Palermo,Juve Stabia,1,0,16,13,5,4,6,6
2026-08-28,Cremonese,Modena,0,3,8,10,2,3,8,2
2026-08-29,Sampdoria,Juve Stabia,1,2,17,17,6,5,2,7
2026-08-29,Virtus Entella,Cesena,1,2,14,7,3,3,6,2
2026-08-29,Ascoli,Carrarese,1,1,20,18,6,4,10,9
2026-08-29,Avellino,Vicenza,3,0,10,18,8,3,2,7
2026-08-29,Padova,Verona,1,1,7,14,2,3,2,6
2026-08-30,Arezzo,Palermo,2,3,15,17,5,7,9,4
2026-08-30,Mantova,Empoli,3,1,16,6,9,2,3,6
2026-08-30,Benevento,Sudtirol,1,1,24,9,5,2,11,1
2026-08-30,Pisa,Catanzaro,2,1,19,14,9,7,6,8
2026-09-05,Sudtirol,Catanzaro,2,0,9,12,4,2,3,5
2026-09-05,Ascoli,Benevento,1,0,12,4,4,0,7,5
2026-09-05,Carrarese,Empoli,0,1,9,16,5,2,1,7
2026-09-06,Cesena,Mantova,1,1,20,8,6,4,10,4
2026-09-06,Juve Stabia,Pisa,0,3,15,12,3,7,4,3
2026-09-06,Modena,Avellino,0,1,43,6,10,2,12,2
2026-09-06,Virtus Entella,Vicenza,2,2,14,12,5,5,4,4
2026-09-06,Verona,Arezzo,5,0,16,4,9,1,6,0
2026-09-06,Cremonese,Padova,3,1,10,12,6,7,3,5
2026-09-07,Palermo,Sampdoria,3,1,14,14,6,5,2,5
2026-09-11,Empoli,Arezzo,0,1,10,15,2,2,3,4
2026-09-11,Benevento,Verona,3,1,13,11,6,3,4,9
2026-09-11,Pisa,Virtus Entella,1,4,14,14,6,4,7,2
2026-09-12,Padova,Ascoli,1,0,11,20,4,5,2,8
2026-09-12,Sudtirol,Modena,1,1,11,18,3,8,5,8
2026-09-12,Vicenza,Juve Stabia,1,1,7,14,2,7,8,5
2026-09-12,Catanzaro,Carrarese,1,0,20,11,2,1,2,5
2026-09-12,Cesena,Cremonese,2,2,8,19,2,6,5,4
2026-09-13,Avellino,Palermo,1,1,15,9,5,2,4,3
2026-09-13,Mantova,Sampdoria,2,0,10,13,5,2,5,5
2026-09-18,Juve Stabia,Cesena,1,1,15,18,3,3,6,2
2026-09-19,Carrarese,Benevento,0,1,13,16,4,4,11,3
2026-09-19,Cremonese,Virtus Entella,0,0,11,17,5,4,1,3
2026-09-19,Palermo,Padova,2,1,22,20,8,5,7,11
2026-09-19,Sampdoria,Catanzaro,2,1,17,10,6,1,4,5
2026-09-19,Ascoli,Avellino,3,1,15,12,6,3,5,1
2026-09-20,Arezzo,Sudtirol,1,4,12,10,3,5,9,2
2026-09-20,Verona,Vicenza,2,1,16,9,6,2,3,5
2026-09-20,Mantova,Pisa,2,2,14,14,3,5,5,5
2026-09-20,Modena,Empoli,2,1,22,9,8,4,3,2
2026-08-07,Cambuur,Excelsior,0,4,11,18,2,9,5,8
2026-08-08,Nijmegen,Telstar,1,2,27,8,4,3,13,3
2026-08-08,Go Ahead Eagles,Willem II,4,1,20,13,10,1,6,2
2026-08-08,PSV Eindhoven,For Sittard,2,2,21,8,6,6,9,0
2026-08-08,AZ Alkmaar,Den Haag,2,0,12,10,4,0,9,7
2026-08-09,Sparta Rotterdam,Feyenoord,0,1,10,22,0,6,5,10
2026-08-09,Groningen,Utrecht,2,1,16,14,5,7,5,1
2026-08-09,Zwolle,Ajax,0,2,7,26,2,6,2,10
2026-08-09,Heerenveen,Twente,1,0,7,18,4,3,4,8
2026-08-14,Telstar,Sparta Rotterdam,1,3,7,16,1,9,7,5
2026-08-15,Willem II,Nijmegen,1,4,9,21,2,10,1,2
2026-08-15,Utrecht,AZ Alkmaar,1,4,8,24,2,9,3,9
2026-08-15,Excelsior,PSV Eindhoven,1,2,5,20,2,8,1,7
2026-08-15,For Sittard,Cambuur,3,1,17,19,7,7,6,7
2026-08-16,Den Haag,Groningen,1,4,10,17,4,14,5,2
2026-08-16,Feyenoord,Go Ahead Eagles,2,2,27,14,6,6,6,6
2026-08-16,Twente,Zwolle,3,1,27,8,10,3,6,3
2026-08-16,Ajax,Heerenveen,2,2,23,14,4,8,7,2
2026-08-22,For Sittard,AZ Alkmaar,0,2,4,26,2,11,1,15
2026-08-22,Sparta Rotterdam,Utrecht,3,3,14,16,5,4,5,7
2026-08-22,Heerenveen,Zwolle,0,2,18,20,5,7,5,3
2026-08-23,Go Ahead Eagles,Den Haag,3,1,11,16,5,3,5,3
2026-08-23,PSV Eindhoven,Groningen,5,1,24,7,12,4,9,4
2026-08-23,Cambuur,Feyenoord,2,5,11,14,4,7,3,3
2026-08-28,Groningen,For Sittard,2,3,22,9,2,5,7,2
2026-08-29,Excelsior,Sparta Rotterdam,2,1,15,10,5,2,6,4
2026-08-29,AZ Alkmaar,Go Ahead Eagles,5,2,20,10,8,4,8,4
2026-08-29,Zwolle,Nijmegen,1,3,9,8,2,4,6,7
2026-08-30,Utrecht,PSV Eindhoven,1,6,1,30,1,14,0,13
2026-08-30,Feyenoord,Den Haag,2,2,33,8,12,3,11,3
2026-08-30,Willem II,Heerenveen,2,2,12,13,5,5,9,7
2026-08-30,Telstar,Ajax,0,4,11,12,4,9,5,4
2026-08-30,Cambuur,Twente,1,4,10,23,3,10,2,9
2026-09-04,Sparta Rotterdam,Zwolle,2,2,21,15,8,6,15,4
2026-09-05,Nijmegen,Feyenoord,1,3,12,11,2,5,1,1
2026-09-05,Ajax,PSV Eindhoven,1,3,19,13,6,5,1,1
2026-09-05,Willem II,Excelsior,0,3,16,13,2,6,7,6
2026-09-06,Groningen,Twente,2,2,21,16,4,5,8,2
2026-09-06,Heerenveen,AZ Alkmaar,2,3,14,15,5,8,4,3
2026-09-06,Telstar,Cambuur,2,2,11,8,2,3,4,2
2026-09-06,Den Haag,For Sittard,2,3,11,8,3,5,2,0
2026-09-08,Utrecht,Go Ahead Eagles,3,3,19,13,6,7,7,5
2026-09-08,Nijmegen,Excelsior,2,2,11,14,3,5,2,4
2026-09-09,Twente,Telstar,1,0,22,3,8,2,9,2
2026-09-11,AZ Alkmaar,Willem II,1,1,22,8,5,2,11,2
2026-09-12,Twente,Den Haag,2,0,24,10,12,5,12,2
2026-09-12,Go Ahead Eagles,Groningen,1,1,24,4,6,2,9,0
2026-09-12,For Sittard,Ajax,1,5,8,27,4,11,3,11
2026-09-12,Cambuur,Nijmegen,3,0,16,10,7,1,4,5
2026-09-13,Excelsior,Utrecht,1,2,10,12,4,6,5,2
2026-09-13,Heerenveen,Telstar,0,0,23,12,6,2,8,6
2026-09-13,Zwolle,Feyenoord,0,7,6,26,3,12,5,6
2026-09-13,PSV Eindhoven,Sparta Rotterdam,4,1,28,10,10,6,9,5
2026-09-15,Ajax,Willem II,5,1,33,10,12,4,14,2
2026-09-18,Groningen,Zwolle,3,0,17,9,7,1,5,6
2026-09-19,Den Haag,Cambuur,1,1,18,8,6,3,6,3
2026-09-19,Sparta Rotterdam,Heerenveen,0,4,11,23,0,9,3,6
2026-09-19,Ajax,Excelsior,2,2,33,4,8,2,9,0
2026-09-19,Willem II,For Sittard,0,1,15,17,3,3,5,3
2026-09-20,Feyenoord,Utrecht,5,0,23,5,12,2,6,3
2026-09-20,AZ Alkmaar,Telstar,1,0,17,3,8,1,5,2
2026-09-20,Twente,PSV Eindhoven,3,2,21,11,5,4,6,5
2026-09-20,Nijmegen,Go Ahead Eagles,1,1,17,14,5,6,5,7
2026-08-07,Estoril,Famalicao,1,1,14,6,3,3,7,6
2026-08-08,Maritimo,Casa Pia,1,0,16,9,4,4,2,6
2026-08-08,Guimaraes,Arouca,0,1,24,4,3,2,5,2
2026-08-08,Estrela,Sp Lisbon,2,2,9,15,4,8,5,4
2026-08-09,Porto,Alverca,2,0,10,15,4,5,7,9
2026-08-09,Benfica,Academico Viseu,2,2,28,8,11,4,10,2
2026-08-09,Gil Vicente,Rio Ave,1,0,13,6,5,2,5,2
2026-08-09,Moreirense,Sp Braga,2,2,7,13,3,4,4,2
2026-08-10,Santa Clara,Nacional,2,2,19,10,7,4,4,4
2026-08-14,Sp Lisbon,Guimaraes,3,2,5,12,3,3,5,1
2026-08-15,Alverca,Estrela,2,2,14,10,4,7,2,0
2026-08-15,Academico Viseu,Santa Clara,0,1,10,8,1,2,4,2
2026-08-15,Rio Ave,Porto,0,2,13,14,1,6,6,6
2026-08-16,Nacional,Estoril,2,0,20,9,3,5,7,4
2026-08-16,Arouca,Moreirense,4,0,14,5,6,1,5,3
2026-08-16,Famalicao,Maritimo,1,2,14,9,4,4,5,1
2026-08-17,Casa Pia,Benfica,0,7,3,20,0,8,1,3
2026-08-22,Maritimo,Academico Viseu,2,2,11,13,4,7,4,5
2026-08-22,Estoril,Rio Ave,0,2,18,3,6,3,6,3
2026-08-22,Sp Lisbon,Alverca,3,1,15,10,7,3,3,4
2026-08-23,Guimaraes,Nacional,1,0,23,7,5,0,4,3
2026-08-23,Santa Clara,Famalicao,1,0,12,9,2,3,1,9
2026-08-23,Porto,Arouca,2,0,23,4,10,1,12,2
2026-08-24,Gil Vicente,Casa Pia,2,0,8,13,4,2,3,4
2026-08-28,Rio Ave,Sp Lisbon,0,4,6,14,0,7,2,3
2026-08-29,Alverca,Santa Clara,1,1,5,15,1,3,10,4
2026-08-29,Arouca,Maritimo,2,1,17,12,7,4,2,3
2026-08-29,Academico Viseu,Porto,0,3,9,5,1,4,1,1
2026-08-30,Nacional,Estrela,2,3,10,14,5,4,4,3
2026-08-30,Casa Pia,Moreirense,0,1,14,6,2,5,5,1
2026-08-30,Famalicao,Gil Vicente,0,0,7,7,1,1,6,3
2026-08-31,Benfica,Estoril,2,1,25,4,8,2,9,0
2026-08-31,Sp Braga,Guimaraes,1,0,9,8,4,2,2,2
2026-09-04,Porto,Moreirense,2,1,23,7,9,2,9,1
2026-09-05,Estrela,Famalicao,2,2,14,14,4,4,5,5
2026-09-05,Alverca,Sp Braga,1,2,6,16,2,6,2,2
2026-09-05,Maritimo,Benfica,0,3,6,11,1,6,3,5
2026-09-05,Sp Lisbon,Nacional,2,0,19,3,8,2,12,0
2026-09-06,Santa Clara,Rio Ave,4,0,16,5,6,3,8,2
2026-09-06,Guimaraes,Casa Pia,0,0,29,7,8,3,17,4
2026-09-06,Gil Vicente,Academico Viseu,0,1,33,6,7,1,7,1
2026-09-07,Estoril,Arouca,0,0,18,12,8,2,8,2
2026-09-09,Moreirense,Benfica,0,4,8,21,1,9,3,7
2026-09-10,Estrela,Sp Braga,2,1,9,9,5,4,5,9
2026-09-12,Nacional,Alverca,1,3,13,10,3,7,2,0
2026-09-12,Casa Pia,Porto,1,4,15,17,5,4,5,10
2026-09-12,Academico Viseu,Guimaraes,2,1,11,22,4,7,4,8
2026-09-13,Arouca,Santa Clara,1,2,10,12,4,5,5,2
2026-09-13,Benfica,Gil Vicente,3,1,17,4,5,2,14,0
2026-09-13,Famalicao,Sp Lisbon,1,1,5,16,2,5,4,4
2026-09-14,Rio Ave,Estrela,3,3,11,20,6,6,4,5
2026-09-14,Moreirense,Maritimo,3,1,11,9,5,2,3,5
2026-09-14,Sp Braga,Estoril,1,0,20,12,7,1,4,2
2026-09-19,Gil Vicente,Maritimo,1,1,19,10,4,3,4,3
2026-09-19,Nacional,Famalicao,0,4,12,12,3,7,7,3
2026-09-19,Alverca,Rio Ave,1,0,23,6,6,3,8,3
2026-09-19,Sp Lisbon,Arouca,2,2,10,15,3,5,4,2
2026-09-20,Estrela,Academico Viseu,0,2,16,8,2,4,5,2
2026-09-20,Guimaraes,Moreirense,1,1,16,7,5,3,3,0
2026-09-20,Estoril,Casa Pia,1,2,14,11,6,3,7,4
2026-09-20,Santa Clara,Sp Braga,0,0,10,8,1,1,5,5
2026-09-20,Porto,Benfica,3,1,20,12,7,3,3,3
2026-07-31,Dundee United,Rangers,1,1,11,21,3,6,5,10
2026-08-01,Falkirk,St Mirren,0,2,10,15,1,5,7,7
2026-08-01,Aberdeen,Hearts,2,1,11,21,3,4,4,6
2026-08-02,St Johnstone,Kilmarnock,4,3,15,7,5,5,6,3
2026-08-02,Hibernian,Motherwell,1,2,19,9,6,5,9,2
2026-08-03,Celtic,Dundee,1,0,18,11,4,3,9,4
2026-08-08,Dundee,Aberdeen,2,0,18,9,7,3,5,4
2026-08-08,St Mirren,St Johnstone,1,0,13,9,4,2,5,2
2026-08-09,Kilmarnock,Celtic,1,5,10,33,6,16,5,7
2026-08-09,Hearts,Dundee United,4,0,12,10,7,0,7,2
2026-08-09,Motherwell,Falkirk,0,0,11,10,1,1,2,2
2026-08-09,Rangers,Hibernian,1,2,25,8,9,2,7,4
2026-08-22,Dundee United,Dundee,0,2,24,14,5,4,6,6
2026-08-29,Celtic,Falkirk,2,1,19,5,8,1,6,3
2026-08-29,Hearts,St Johnstone,2,1,16,9,7,4,8,4
2026-08-29,Kilmarnock,Dundee United,0,4,16,21,4,8,3,5
2026-08-30,Aberdeen,Rangers,0,1,10,18,2,5,6,6
2026-08-30,Dundee,Hibernian,1,2,11,25,3,7,3,5
2026-08-30,St Mirren,Motherwell,3,3,23,22,9,7,7,7
2026-09-02,Celtic,Aberdeen,3,0,27,9,12,2,15,5
2026-09-02,Dundee,St Johnstone,1,1,10,15,2,3,2,5
2026-09-02,Kilmarnock,St Mirren,0,1,9,10,2,1,7,3
2026-09-02,Motherwell,Dundee United,3,0,25,5,8,1,9,3
2026-09-02,Falkirk,Rangers,1,2,12,16,5,6,5,6
2026-09-03,Hibernian,Hearts,1,3,17,12,4,5,7,8
2026-09-05,Aberdeen,Kilmarnock,0,0,10,11,2,4,6,7
2026-09-05,Dundee United,Falkirk,1,1,27,12,9,4,14,5
2026-09-05,Rangers,Motherwell,1,0,27,8,6,3,7,5
2026-09-05,St Mirren,Celtic,1,2,19,23,6,8,6,10
2026-09-06,Hearts,Dundee,2,1,27,4,7,1,14,2
2026-09-06,St Johnstone,Hibernian,2,1,9,14,4,3,2,7
2026-09-09,Rangers,St Mirren,1,0,18,10,7,2,12,0
2026-09-09,St Johnstone,Celtic,0,1,9,15,3,9,2,11
2026-09-15,Falkirk,Hearts,2,1,13,9,4,4,3,4
2026-09-15,Hibernian,Kilmarnock,0,1,23,12,7,7,15,7
2026-09-15,Motherwell,Aberdeen,0,4,12,11,5,4,5,2
2026-09-19,Dundee,Motherwell,2,1,11,15,6,4,9,9
2026-09-19,Hibernian,Aberdeen,1,1,12,9,2,2,6,9
2026-09-19,St Johnstone,Falkirk,1,1,8,13,5,4,3,8
2026-09-19,St Mirren,Dundee United,0,3,10,13,0,9,4,7
2026-09-19,Kilmarnock,Hearts,1,1,4,17,0,3,2,6
2026-09-20,Celtic,Rangers,0,1,5,15,1,8,8,4
2026-08-01,Ayr,Arbroath,2,0,6,6,4,3,3,7
2026-08-01,Inverness C,Dunfermline,0,0,19,7,7,2,5,2
2026-08-01,Livingston,Queens Park,2,0,20,6,7,2,9,0
2026-08-01,Morton,Partick,0,1,7,13,0,5,4,1
2026-08-01,Raith Rvs,Stenhousemuir,1,1,14,3,5,2,4,2
2026-08-07,Partick,Livingston,2,0,14,9,5,1,9,10
2026-08-08,Arbroath,Inverness C,0,0,2,9,0,5,1,6
2026-08-08,Dunfermline,Ayr,1,1,9,5,5,2,12,6
2026-08-08,Queens Park,Raith Rvs,1,2,9,10,4,4,4,2
2026-08-08,Stenhousemuir,Morton,2,0,13,11,4,3,9,4
2026-08-21,Inverness C,Partick,1,1,8,9,3,6,5,3
2026-08-22,Livingston,Dunfermline,2,0,11,17,4,5,4,6
2026-08-22,Morton,Arbroath,1,2,7,7,3,6,1,6
2026-08-22,Queens Park,Stenhousemuir,0,2,1,8,0,4,4,7
2026-08-22,Raith Rvs,Ayr,2,0,14,3,5,0,5,2
2026-08-28,Dunfermline,Raith Rvs,1,0,13,7,6,3,3,3
2026-08-29,Arbroath,Livingston,1,0,5,7,2,1,2,4
2026-08-29,Ayr,Morton,1,1,7,8,4,2,3,4
2026-08-29,Partick,Queens Park,0,0,18,2,5,0,19,2
2026-08-29,Stenhousemuir,Inverness C,3,1,7,3,3,3,8,6
2026-09-04,Livingston,Stenhousemuir,0,1,9,7,3,2,5,2
2026-09-05,Arbroath,Dunfermline,1,1,2,15,1,4,3,5
2026-09-05,Inverness C,Raith Rvs,0,2,6,6,1,3,2,4
2026-09-05,Partick,Ayr,1,0,8,4,3,2,5,3
2026-09-05,Queens Park,Morton,2,1,14,8,7,6,6,6
2026-09-11,Morton,Livingston,1,4,7,20,3,6,4,4
2026-09-12,Ayr,Inverness C,1,3,6,5,2,4,8,5
2026-09-12,Dunfermline,Queens Park,2,0,11,0,6,0,6,9
2026-09-12,Raith Rvs,Arbroath,4,0,15,1,8,0,6,1
2026-09-15,Stenhousemuir,Partick,1,0,6,9,2,4,3,12
2026-09-18,Queens Park,Ayr,0,2,6,7,5,6,3,6
2026-09-19,Livingston,Inverness C,2,2,6,10,3,5,0,4
2026-09-19,Morton,Dunfermline,0,1,4,10,2,4,2,8
2026-09-19,Partick,Raith Rvs,0,0,11,2,4,1,9,4
2026-09-19,Stenhousemuir,Arbroath,1,0,6,4,4,3,5,4
2026-08-01,Alloa,East Fife,0,0,7,5,4,0,12,3
2026-08-01,Cove Rangers,Airdrie Utd,0,0,10,8,6,3,4,5
2026-08-01,East Kilbride,Queen of Sth,5,1,15,4,7,4,4,1
2026-08-01,Montrose,Hamilton,0,5,3,8,1,7,4,9
2026-08-01,Peterhead,Ross County,0,1,8,13,3,5,3,6
2026-08-08,Airdrie Utd,East Kilbride,1,1,8,10,4,4,3,7
2026-08-08,East Fife,Cove Rangers,2,0,17,7,9,4,2,3
2026-08-08,Hamilton,Alloa,1,0,9,5,3,1,7,3
2026-08-08,Queen of Sth,Peterhead,0,1,7,14,0,5,9,2
2026-08-08,Ross County,Montrose,2,1,22,7,11,4,10,4
2026-08-15,Alloa,Montrose,3,0,18,4,9,1,7,5
2026-08-15,East Kilbride,Cove Rangers,3,0,10,4,6,3,7,2
2026-08-15,Hamilton,Airdrie Utd,4,0,10,6,5,2,7,8
2026-08-15,Peterhead,East Fife,2,1,7,3,5,2,2,1
2026-08-22,Airdrie Utd,Ross County,1,3,7,15,2,5,4,7
2026-08-22,Cove Rangers,Peterhead,3,0,12,11,6,4,3,4
2026-08-22,East Fife,Hamilton,0,0,6,10,2,5,5,9
2026-08-22,Montrose,East Kilbride,3,0,9,7,4,5,1,4
2026-08-22,Queen of Sth,Alloa,0,2,9,14,3,8,4,5
2026-08-29,Airdrie Utd,East Fife,0,0,6,3,2,0,5,3
2026-08-29,Alloa,Peterhead,1,1,9,6,3,2,3,4
2026-08-29,Hamilton,Cove Rangers,1,0,15,11,7,2,3,3
2026-08-29,Montrose,Queen of Sth,2,1,10,11,6,5,4,3
2026-08-29,Ross County,East Kilbride,4,0,8,4,6,1,7,3
2026-09-05,Cove Rangers,Alloa,1,1,11,10,5,4,4,7
2026-09-05,East Fife,Ross County,2,2,5,17,3,7,1,8
2026-09-05,East Kilbride,Hamilton,0,1,11,9,3,5,11,5
2026-09-05,Peterhead,Montrose,0,3,6,4,0,3,1,0
2026-09-05,Queen of Sth,Airdrie Utd,2,1,15,10,5,4,6,3
2026-09-12,Airdrie Utd,Alloa,1,0,13,9,6,4,4,7
2026-09-12,East Kilbride,Peterhead,3,1,14,4,7,2,4,2
2026-09-12,Montrose,Cove Rangers,2,1,13,11,6,5,7,4
2026-09-12,Queen of Sth,East Fife,1,1,14,12,6,7,4,6
2026-09-15,Ross County,Queen of Sth,8,0,15,3,11,1,7,2
2026-09-19,Alloa,East Kilbride,1,2,3,4,2,3,2,7
2026-09-19,Cove Rangers,Ross County,0,2,5,6,1,3,4,3
2026-09-19,East Fife,Montrose,1,2,9,8,6,4,3,1
2026-09-19,Hamilton,Queen of Sth,4,1,18,5,10,3,9,0
2026-09-19,Peterhead,Airdrie Utd,1,2,7,6,3,4,9,4
2026-08-01,Annan Athletic,Spartans,2,4,11,11,5,8,7,3
2026-08-01,Clyde,Stranraer,3,1,16,7,6,5,7,7
2026-08-01,Edinburgh City,Elgin,0,5,7,10,4,5,3,5
2026-08-01,Forfar,Kelty Hearts,1,0,6,13,3,6,4,5
2026-08-01,Stirling,Dumbarton,2,0,7,10,5,4,7,8
2026-08-08,Dumbarton,Clyde,1,0,10,13,5,1,4,7
2026-08-08,Elgin,Forfar,1,1,13,5,4,5,3,5
2026-08-08,Kelty Hearts,Stirling,3,2,11,8,7,7,2,3
2026-08-08,Spartans,Edinburgh City,2,2,5,12,2,3,2,4
2026-08-08,Stranraer,Annan Athletic,0,1,8,11,0,3,5,6
2026-08-15,Annan Athletic,Clyde,1,2,11,13,5,6,3,4
2026-08-15,Dumbarton,Edinburgh City,0,3,4,16,1,7,8,2
2026-08-15,Elgin,Kelty Hearts,4,1,17,6,10,2,4,4
2026-08-15,Forfar,Stirling,3,0,10,11,6,3,8,5
2026-08-15,Stranraer,Spartans,1,0,11,10,4,2,10,7
2026-08-22,Clyde,Forfar,3,0,18,8,5,5,4,4
2026-08-22,Edinburgh City,Annan Athletic,1,0,10,6,7,3,3,4
2026-08-22,Kelty Hearts,Dumbarton,3,1,17,12,8,4,6,4
2026-08-22,Spartans,Elgin,3,3,10,11,7,7,2,3
2026-08-22,Stirling,Stranraer,2,2,13,9,8,6,9,8
2026-08-28,Edinburgh City,Forfar,1,1,20,7,6,4,10,8
2026-08-29,Annan Athletic,Dumbarton,2,0,11,3,5,1,5,0
2026-08-29,Elgin,Stirling,4,0,13,12,6,3,3,9
2026-08-29,Spartans,Clyde,3,3,21,14,10,7,10,4
2026-08-29,Stranraer,Kelty Hearts,2,0,11,13,4,4,6,7
2026-09-05,Clyde,Edinburgh City,3,2,16,7,8,5,5,6
2026-09-05,Dumbarton,Elgin,2,1,8,12,6,4,5,2
2026-09-05,Forfar,Stranraer,0,3,9,13,2,5,6,8
2026-09-05,Kelty Hearts,Annan Athletic,2,1,9,12,5,2,1,6
2026-09-05,Stirling,Spartans,0,2,6,7,4,3,4,2
2026-09-12,Annan Athletic,Elgin,2,0,5,8,2,1,1,12
2026-09-12,Clyde,Kelty Hearts,4,1,17,9,6,4,8,6
2026-09-12,Edinburgh City,Stirling,7,3,20,12,15,7,5,5
2026-09-12,Spartans,Forfar,5,1,15,9,8,2,5,2
2026-09-12,Stranraer,Dumbarton,3,1,18,14,8,5,9,3
2026-09-19,Dumbarton,Spartans,3,0,6,9,2,3,5,3
2026-09-19,Elgin,Stranraer,1,5,10,12,5,6,3,6
2026-09-19,Forfar,Annan Athletic,1,0,12,9,4,4,3,5
2026-09-19,Kelty Hearts,Edinburgh City,1,3,5,9,2,6,1,2
2026-09-19,Stirling,Clyde,1,1,5,14,2,7,3,9
2026-08-15,Alaves,Getafe,3,0,18,6,8,2,5,3
2026-08-15,Sevilla,Vallecano,2,1,13,6,4,3,1,2
2026-08-16,Santander,Villarreal,2,2,17,12,3,7,6,10
2026-08-16,Espanol,Levante,3,0,16,4,6,0,0,1
2026-08-17,La Coruna,Elche,1,1,8,11,3,6,2,6
2026-08-19,Ath Madrid,Malaga,2,0,15,5,6,1,6,1
2026-08-20,Vallecano,Alaves,1,1,8,15,3,3,9,7
2026-08-21,Betis,Sociedad,1,0,18,9,7,3,4,5
2026-08-22,Ath Bilbao,Sevilla,1,3,18,7,8,4,10,3
2026-08-22,Valencia,Celta,0,0,8,7,2,3,1,2
2026-08-22,Espanol,Real Madrid,1,2,8,21,3,8,0,8
2026-08-23,Ath Madrid,Villarreal,2,2,19,13,4,6,5,3
2026-08-23,Getafe,Santander,1,0,12,6,1,3,8,6
2026-08-23,Elche,Barcelona,0,5,7,11,2,7,3,1
2026-08-24,Osasuna,Levante,0,0,12,11,7,1,9,4
2026-08-24,Malaga,La Coruna,1,1,13,6,2,4,7,4
2026-08-25,Valencia,Betis,0,1,16,15,3,3,8,2
2026-08-26,Real Madrid,Sociedad,4,1,20,10,11,3,4,7
2026-08-27,Celta,Osasuna,1,2,4,13,2,5,5,3
2026-08-27,Barcelona,Ath Bilbao,2,0,22,5,10,0,12,5
2026-08-28,Santander,Elche,3,2,13,18,6,7,5,10
2026-08-28,Alaves,Villarreal,1,0,9,19,2,6,5,9
2026-08-29,Levante,Betis,5,2,19,20,10,6,5,8
2026-08-29,Sociedad,Espanol,2,1,17,11,10,3,7,3
2026-08-29,Sevilla,Ath Madrid,1,3,20,12,5,5,4,2
2026-08-30,Real Madrid,Malaga,4,0,19,14,8,1,9,6
2026-08-30,La Coruna,Valencia,3,1,11,12,4,4,5,5
2026-08-30,Celta,Ath Bilbao,0,2,8,17,2,7,4,7
2026-08-31,Osasuna,Getafe,1,0,10,11,2,1,1,3
2026-08-31,Barcelona,Vallecano,5,2,26,11,9,5,9,5
2026-09-03,Sociedad,Celta,0,0,16,7,5,2,11,3
2026-09-04,Betis,Real Madrid,1,0,10,20,5,8,6,10
2026-09-05,Ath Bilbao,Ath Madrid,3,0,11,15,4,5,3,8
2026-09-05,Vallecano,Santander,3,2,16,9,10,4,9,6
2026-09-05,Villarreal,La Coruna,2,3,17,8,5,3,7,1
2026-09-06,Valencia,Barcelona,0,5,3,25,2,10,1,4
2026-09-06,Alaves,Osasuna,5,2,12,7,7,5,4,1
2026-09-06,Malaga,Levante,0,0,10,11,3,3,6,4
2026-09-06,Espanol,Sevilla,1,1,12,6,3,3,0,4
2026-09-07,Getafe,Celta,1,1,10,16,2,3,3,5
2026-09-07,Elche,Sociedad,2,3,20,13,10,6,6,7
2026-09-11,Sevilla,Valencia,1,0,13,3,4,0,6,4
2026-09-12,Santander,Alaves,2,1,11,16,4,8,4,6
2026-09-12,Osasuna,Espanol,0,2,11,6,4,3,3,4
2026-09-12,Ath Bilbao,Elche,1,1,19,3,3,1,7,1
2026-09-12,Real Madrid,Vallecano,4,1,24,18,11,7,11,5
2026-09-13,Celta,Malaga,1,1,17,12,5,2,1,5
2026-09-13,Levante,Barcelona,2,4,13,12,7,6,3,5
2026-09-13,Getafe,La Coruna,1,1,15,10,4,3,3,7
2026-09-13,Sociedad,Ath Madrid,0,3,8,13,3,5,9,3
2026-09-14,Villarreal,Betis,1,2,14,26,8,12,7,4
2026-09-15,Vallecano,Espanol,2,1,16,19,2,5,3,5
2026-09-15,Alaves,Valencia,0,1,15,10,3,3,2,5
2026-09-15,Elche,Real Madrid,2,3,11,20,3,4,2,5
2026-09-16,Ath Madrid,Osasuna,4,0,27,3,11,1,8,0
2026-09-16,La Coruna,Sevilla,0,1,4,11,3,6,4,4
2026-09-16,Barcelona,Santander,7,2,30,5,9,3,18,0
2026-09-17,Betis,Getafe,1,0,22,8,8,2,4,3
2026-09-17,Malaga,Villarreal,1,3,5,16,1,7,4,8
2026-09-18,Espanol,Elche,1,3,23,9,4,6,3,3
2026-09-19,Osasuna,Vallecano,1,1,10,19,3,2,4,4
2026-09-19,Ath Bilbao,Alaves,0,0,24,2,6,0,5,1
2026-09-19,Celta,Santander,5,0,13,11,9,5,3,3
2026-09-19,Sevilla,Barcelona,1,3,7,24,3,7,1,3
2026-09-20,Getafe,Malaga,1,0,20,11,7,4,5,9
2026-09-20,Ath Madrid,Real Madrid,2,1,18,8,9,3,3,1
2026-09-20,La Coruna,Betis,1,1,24,11,7,4,11,5
2026-09-20,Villarreal,Levante,3,1,21,6,7,1,7,1
2026-09-20,Valencia,Sociedad,2,3,22,21,5,6,7,5
2026-08-14,Sociedad B,Castellon,0,1,4,13,1,5,5,8
2026-08-15,Andorra,Ceuta,5,1,25,5,11,1,2,2
2026-08-15,Cadiz,Celta B,0,0,17,5,3,5,6,2
2026-08-15,Oviedo,Granada,0,0,9,10,3,3,3,2
2026-08-15,Mallorca,Valladolid,2,0,7,12,3,1,3,3
2026-08-16,Eibar,Tenerife,1,3,16,7,5,4,7,3
2026-08-16,Burgos,Cordoba,3,2,13,20,5,8,1,7
2026-08-16,Girona,Leganes,1,1,27,5,7,3,9,0
2026-08-16,Las Palmas,Albacete,2,1,12,12,4,4,3,6
2026-08-17,Sp Gijon,Sabadell,0,0,8,15,5,2,1,8
2026-08-17,Almeria,Eldense,3,0,15,11,5,3,7,8
2026-08-21,Cordoba,Girona,2,1,11,10,3,3,2,3
2026-08-22,Oviedo,Leganes,0,1,24,5,5,2,9,2
2026-08-22,Albacete,Sociedad B,1,2,17,12,7,6,5,6
2026-08-22,Ceuta,Las Palmas,0,2,19,9,4,4,6,4
2026-08-22,Eldense,Cadiz,2,2,10,8,6,6,7,3
2026-08-23,Eibar,Valladolid,1,0,12,11,3,4,5,5
2026-08-23,Castellon,Sabadell,0,0,8,11,1,0,5,3
2026-08-23,Sp Gijon,Burgos,1,0,10,7,5,1,4,4
2026-08-23,Tenerife,Almeria,1,0,15,9,2,1,5,7
2026-08-24,Celta B,Andorra,4,2,10,17,7,5,4,4
2026-08-24,Granada,Mallorca,2,0,14,18,6,4,7,1
2026-08-28,Tenerife,Sp Gijon,0,1,11,5,4,1,4,1
2026-08-29,Sabadell,Almeria,1,0,14,11,4,2,4,3
2026-08-29,Albacete,Oviedo,0,1,9,9,2,5,8,5
2026-08-29,Leganes,Eldense,1,0,11,16,6,4,0,8
2026-08-29,Girona,Las Palmas,5,2,17,5,8,5,4,1
2026-08-30,Andorra,Eibar,0,1,28,4,5,1,6,2
2026-08-30,Cadiz,Valladolid,1,1,10,14,2,6,4,6
2026-08-30,Mallorca,Ceuta,3,0,13,5,4,0,3,3
2026-08-30,Cordoba,Granada,1,3,15,17,3,5,6,3
2026-08-31,Burgos,Sociedad B,2,2,12,15,4,5,6,4
2026-08-31,Celta B,Castellon,1,2,12,13,4,5,3,3
2026-09-04,Las Palmas,Leganes,0,0,3,10,1,2,3,4
2026-09-05,Sociedad B,Tenerife,1,1,8,5,1,1,2,3
2026-09-05,Sp Gijon,Girona,0,2,22,10,5,3,4,0
2026-09-05,Ceuta,Celta B,0,2,18,15,6,4,8,4
2026-09-05,Valladolid,Andorra,1,0,9,13,3,4,2,4
2026-09-05,Eldense,Mallorca,0,0,8,11,3,6,5,8
2026-09-06,Eibar,Granada,3,0,11,18,8,3,1,5
2026-09-06,Oviedo,Burgos,0,0,21,16,2,2,9,6
2026-09-06,Castellon,Albacete,2,0,26,6,7,3,7,3
2026-09-06,Almeria,Cadiz,3,2,16,5,7,1,3,4
2026-09-07,Sabadell,Cordoba,3,2,20,13,10,4,3,4
2026-09-11,Burgos,Ceuta,3,1,7,12,2,3,1,7
2026-09-12,Andorra,Sociedad B,1,3,23,15,7,5,7,2
2026-09-12,Cadiz,Las Palmas,0,1,7,20,2,5,7,9
2026-09-12,Girona,Castellon,1,2,8,18,5,9,4,11
2026-09-12,Granada,Albacete,1,1,11,6,3,4,4,5
2026-09-12,Cordoba,Almeria,0,2,21,4,4,2,9,0
2026-09-13,Sp Gijon,Eldense,0,1,12,8,3,2,4,4
2026-09-13,Valladolid,Oviedo,0,3,13,12,1,6,2,3
2026-09-13,Mallorca,Sabadell,2,0,13,18,6,4,3,7
2026-09-13,Tenerife,Leganes,2,0,11,10,4,2,3,4
2026-09-14,Celta B,Eibar,0,4,24,12,9,7,5,1
2026-09-18,Albacete,Cordoba,1,2,13,13,3,5,4,3
2026-09-19,Sociedad B,Mallorca,0,1,10,9,2,1,5,3
2026-09-19,Andorra,Sp Gijon,1,3,13,7,4,4,9,4
2026-09-19,Castellon,Tenerife,5,0,9,12,5,4,0,5
2026-09-19,Eldense,Eibar,1,2,24,8,6,4,9,2
2026-09-19,Cadiz,Girona,1,2,15,15,5,7,2,4
2026-09-20,Sabadell,Oviedo,3,1,16,9,7,2,4,1
2026-09-20,Ceuta,Valladolid,1,1,12,11,3,6,3,3
2026-09-20,Almeria,Celta B,2,0,16,12,6,1,2,5
2026-09-20,Las Palmas,Burgos,1,2,13,8,3,3,9,4
2026-09-20,Leganes,Granada,3,2,21,21,12,7,6,4
2026-08-14,Galatasaray,Corum,2,2,38,8,13,3,8,1
2026-08-15,Kasimpasa,Trabzonspor,1,1,9,13,4,5,3,10
2026-08-15,Konyaspor,Rizespor,0,1,7,14,3,5,1,7
2026-08-15,Gaziantep,Alanyaspor,1,1,13,11,5,2,0,4
2026-08-15,Genclerbirligi,Fenerbahce,2,1,10,27,3,11,1,12
2026-08-16,Buyuksehyr,Kocaelispor,2,0,17,8,5,4,8,2
2026-08-16,Amedspor,Erzurumspor,3,0,13,5,5,1,4,4
2026-08-16,Besiktas,Eyupspor,1,0,19,4,5,1,8,2
2026-08-17,Samsunspor,Goztep,3,3,21,20,3,7,4,8
2026-08-21,Erzurumspor,Galatasaray,0,4,12,10,4,4,2,2
2026-08-22,Corum,Kasimpasa,0,1,16,6,2,1,7,0
2026-08-22,Rizespor,Samsunspor,0,2,28,6,8,3,10,1
2026-08-22,Fenerbahce,Konyaspor,4,2,20,17,9,8,7,3
2026-08-23,Eyupspor,Gaziantep,0,1,12,9,1,2,4,2
2026-08-23,Trabzonspor,Buyuksehyr,2,1,19,12,8,4,5,1
2026-08-23,Alanyaspor,Besiktas,1,0,9,14,3,6,7,7
2026-08-23,Goztep,Genclerbirligi,0,1,16,10,6,2,6,5
2026-08-24,Kocaelispor,Amedspor,2,0,11,12,3,1,3,7
2026-08-28,Genclerbirligi,Erzurumspor,1,1,16,9,5,4,3,5
2026-08-29,Konyaspor,Kocaelispor,1,2,10,15,0,7,1,4
2026-08-29,Galatasaray,Goztep,3,2,34,9,11,4,6,2
2026-08-29,Gaziantep,Rizespor,1,2,16,10,4,4,8,0
2026-08-30,Eyupspor,Alanyaspor,2,1,11,7,4,2,1,2
2026-08-30,Buyuksehyr,Kasimpasa,1,1,12,12,2,3,5,3
2026-08-30,Samsunspor,Fenerbahce,0,2,6,15,0,7,1,6
2026-08-31,Amedspor,Trabzonspor,2,1,17,8,7,5,2,5
2026-08-31,Besiktas,Corum,6,2,18,11,7,3,8,6
2026-09-04,Buyuksehyr,Galatasaray,2,3,12,13,3,6,6,5
2026-09-05,Erzurumspor,Konyaspor,1,0,12,14,4,1,4,3
2026-09-05,Fenerbahce,Besiktas,1,2,9,14,2,6,2,7
2026-09-06,Corum,Eyupspor,3,0,19,8,9,4,8,3
2026-09-06,Kasimpasa,Amedspor,2,2,14,14,7,4,2,9
2026-09-06,Kocaelispor,Samsunspor,1,0,9,20,4,4,4,4
2026-09-06,Trabzonspor,Genclerbirligi,5,0,23,14,13,6,6,3
2026-09-07,Goztep,Gaziantep,2,4,19,13,4,6,8,3
2026-09-07,Rizespor,Alanyaspor,0,1,21,9,5,2,8,7
2026-09-11,Besiktas,Erzurumspor,3,0,21,8,6,0,10,1
2026-09-12,Eyupspor,Rizespor,0,2,26,9,5,4,8,2
2026-09-12,Samsunspor,Corum,1,5,18,12,4,8,8,2
2026-09-12,Alanyaspor,Goztep,2,2,20,14,4,4,9,3
2026-09-12,Konyaspor,Trabzonspor,1,0,11,15,5,4,3,7
2026-09-13,Genclerbirligi,Kasimpasa,1,2,15,16,5,3,8,9
2026-09-13,Amedspor,Buyuksehyr,5,0,22,7,6,1,3,3
2026-09-13,Galatasaray,Kocaelispor,1,0,28,12,9,1,16,3
2026-09-14,Gaziantep,Fenerbahce,0,0,11,15,0,4,6,6
2026-09-18,Kasimpasa,Konyaspor,0,0,13,11,2,4,6,4
2026-09-19,Corum,Alanyaspor,1,2,12,9,5,5,3,3
2026-09-19,Kocaelispor,Gaziantep,2,0,19,16,5,3,1,2
2026-09-19,Buyuksehyr,Genclerbirligi,4,0,18,7,11,0,3,7
2026-09-19,Trabzonspor,Galatasaray,4,0,7,13,4,3,1,5
2026-09-20,Erzurumspor,Samsunspor,1,0,8,8,2,2,3,5
2026-09-20,Fenerbahce,Eyupspor,8,0,24,17,13,6,8,6
2026-09-20,Amedspor,Besiktas,3,2,10,21,8,8,1,10
2026-09-20,Goztep,Rizespor,2,2,25,11,10,4,4,3
2026-08-07,Club Brugge,Kortrijk,3,0,20,9,8,3,6,1
2026-08-08,Standard,Cercle Brugge,2,2,20,18,6,2,7,11
2026-08-08,St Truiden,Lommel SK,1,1,32,9,4,2,6,2
2026-08-08,Westerlo,St. Gilloise,1,5,12,19,3,10,4,5
2026-08-09,Gent,Mechelen,2,0,15,5,8,2,4,1
2026-08-09,Charleroi,Oud-Heverlee Leuven,3,1,24,12,10,3,6,2
2026-08-09,Waregem,Genk,2,1,11,10,5,3,6,3
2026-08-09,Anderlecht,RAAL La Louviere,2,1,32,5,7,2,10,1
2026-08-09,Antwerp,Beveren,2,1,19,11,7,4,5,3
2026-08-14,Cercle Brugge,St Truiden,3,3,26,13,8,7,10,3
2026-08-15,St. Gilloise,Waregem,0,0,9,11,3,4,9,3
2026-08-15,Kortrijk,Antwerp,0,3,15,16,2,7,3,10
2026-08-15,Genk,Westerlo,3,2,22,12,7,2,8,4
2026-08-15,Oud-Heverlee Leuven,Club Brugge,0,3,16,28,1,9,4,16
2026-08-16,Beveren,Anderlecht,1,0,10,16,3,6,1,12
2026-08-16,RAAL La Louviere,Gent,1,2,11,8,5,3,6,3
2026-08-16,Mechelen,Standard,3,3,19,16,4,7,5,2
2026-08-16,Lommel SK,Charleroi,0,1,8,23,0,5,2,12
2026-08-21,Standard,RAAL La Louviere,2,0,11,13,4,5,5,1
2026-08-22,Waregem,Beveren,4,0,17,10,7,3,1,6
2026-08-22,Charleroi,Mechelen,2,0,12,5,4,0,3,2
2026-08-22,Antwerp,Genk,4,4,15,11,6,7,5,4
2026-08-23,Lommel SK,Westerlo,4,0,13,17,6,4,5,4
2026-08-23,Club Brugge,Cercle Brugge,1,0,15,10,4,4,9,4
2026-08-28,Genk,Beveren,4,0,12,13,7,1,3,9
2026-08-29,RAAL La Louviere,Mechelen,2,2,14,16,5,7,1,6
2026-08-29,Kortrijk,Charleroi,1,3,13,18,5,5,6,5
2026-08-29,Cercle Brugge,Lommel SK,0,1,19,14,3,3,9,4
2026-08-29,Oud-Heverlee Leuven,Standard,1,2,22,5,3,3,6,3
2026-08-30,Gent,Club Brugge,2,1,13,8,8,3,1,5
2026-08-30,Antwerp,St Truiden,1,4,18,19,8,7,6,1
2026-08-30,St. Gilloise,Anderlecht,3,0,15,12,7,2,4,3
2026-08-30,Westerlo,Waregem,2,2,16,14,7,5,3,8
2026-09-02,St Truiden,St. Gilloise,0,3,6,12,2,6,3,1
2026-09-03,Anderlecht,Kortrijk,1,0,14,6,5,1,7,2
2026-09-03,Gent,Oud-Heverlee Leuven,1,0,15,8,1,1,10,1
2026-09-04,Lommel SK,Club Brugge,0,1,7,13,2,3,2,9
2026-09-05,Charleroi,St. Gilloise,2,3,20,17,5,7,5,6
2026-09-05,Mechelen,Westerlo,0,4,8,21,1,6,5,6
2026-09-05,St Truiden,RAAL La Louviere,4,0,23,9,7,1,12,5
2026-09-05,Standard,Antwerp,1,0,20,14,8,4,13,4
2026-09-06,Cercle Brugge,Gent,0,3,9,9,1,3,8,0
2026-09-06,Kortrijk,Waregem,0,2,9,12,3,5,6,6
2026-09-06,Anderlecht,Genk,0,0,12,8,4,2,4,2
2026-09-06,Beveren,Oud-Heverlee Leuven,3,0,13,14,7,4,7,5
2026-09-11,Mechelen,Anderlecht,0,1,15,14,4,3,10,5
2026-09-12,Beveren,St Truiden,2,0,11,11,4,0,1,4
2026-09-12,Westerlo,Standard,4,2,10,12,7,6,1,7
2026-09-12,Oud-Heverlee Leuven,Cercle Brugge,1,1,10,13,2,3,2,11
2026-09-12,St. Gilloise,Lommel SK,5,0,28,11,12,4,6,4
2026-09-13,Club Brugge,Antwerp,3,1,23,17,9,5,9,4
2026-09-13,Genk,Gent,1,1,17,16,6,5,4,9
2026-09-13,Waregem,Charleroi,0,1,15,15,2,5,9,3
2026-09-13,RAAL La Louviere,Kortrijk,3,0,17,10,6,2,0,4
2026-09-18,Gent,Standard,2,1,11,14,6,4,5,6
2026-09-19,Oud-Heverlee Leuven,RAAL La Louviere,2,0,10,7,4,2,3,5
2026-09-19,Charleroi,Cercle Brugge,3,2,14,7,7,6,3,2
2026-09-19,Anderlecht,Waregem,3,0,16,10,8,4,8,1
2026-09-19,Lommel SK,Mechelen,0,0,8,15,0,4,5,6
2026-09-20,Antwerp,St. Gilloise,0,2,7,21,1,11,1,7
2026-09-20,St Truiden,Westerlo,0,2,17,19,3,8,6,3
2026-09-20,Club Brugge,Genk,3,0,24,19,7,2,8,2
2026-09-20,Kortrijk,Beveren,1,0,20,7,4,1,2,4
2026-08-28,Bayern Munich,Stuttgart,5,1,21,11,9,4,9,3
2026-08-29,Elversberg,Leverkusen,3,2,11,21,6,4,4,3
2026-08-29,FC Koln,Hoffenheim,3,2,18,15,6,4,6,7
2026-08-29,Mainz,Paderborn,0,0,21,10,4,0,11,2
2026-08-29,RB Leipzig,M'gladbach,3,0,25,15,11,4,7,6
2026-08-29,Union Berlin,Ein Frankfurt,3,3,19,12,10,3,5,2
2026-08-29,Dortmund,Hamburg,2,0,20,8,6,3,3,1
2026-08-30,Freiburg,Werder Bremen,4,1,19,9,5,3,6,5
2026-08-30,Augsburg,Schalke 04,3,0,24,11,13,5,11,3
2026-09-04,Stuttgart,FC Koln,4,1,22,18,8,5,10,8
2026-09-05,Hoffenheim,Dortmund,2,3,18,11,6,4,10,3
2026-09-05,Leverkusen,Union Berlin,4,0,21,5,10,0,11,1
2026-09-05,M'gladbach,Elversberg,3,4,25,14,6,10,13,4
2026-09-05,Paderborn,Freiburg,0,1,14,16,3,5,5,4
2026-09-05,Werder Bremen,RB Leipzig,3,1,12,19,7,5,2,7
2026-09-05,Schalke 04,Bayern Munich,0,0,4,15,1,5,0,11
2026-09-06,Hamburg,Mainz,0,5,8,17,1,8,4,5
2026-09-06,Ein Frankfurt,Augsburg,1,4,22,17,8,7,9,4
2026-09-11,Union Berlin,Schalke 04,1,3,20,19,8,10,4,5
2026-09-12,Augsburg,Leverkusen,2,2,8,30,5,5,2,14
2026-09-12,Dortmund,Paderborn,3,0,14,10,8,0,7,3
2026-09-12,Freiburg,M'gladbach,5,0,19,5,9,0,6,2
2026-09-12,Hoffenheim,Stuttgart,2,1,20,16,8,5,5,7
2026-09-12,Mainz,Ein Frankfurt,1,3,18,11,5,5,4,5
2026-09-12,FC Koln,Werder Bremen,1,1,15,14,6,5,8,5
2026-09-13,RB Leipzig,Hamburg,5,0,19,10,6,4,7,7
2026-09-13,Elversberg,Bayern Munich,1,2,5,28,1,6,3,9
2026-09-18,Bayern Munich,Union Berlin,7,0,23,3,15,2,9,2
2026-09-19,Ein Frankfurt,Freiburg,2,2,10,22,3,7,3,5
2026-09-19,Hamburg,FC Koln,2,1,12,18,7,5,3,5
2026-09-19,M'gladbach,Mainz,3,4,21,17,7,8,6,4
2026-09-19,Werder Bremen,Augsburg,3,2,20,7,11,4,2,2
2026-09-19,Stuttgart,Dortmund,0,1,12,13,5,2,6,2
2026-09-20,Leverkusen,RB Leipzig,2,0,18,12,6,3,9,6
2026-09-20,Schalke 04,Elversberg,0,0,13,11,1,1,4,4
2026-09-20,Paderborn,Hoffenheim,3,1,13,23,5,2,6,5
2026-08-07,Bochum,Hertha,0,1,13,11,3,2,5,2
2026-08-08,Darmstadt,Holstein Kiel,2,2,14,11,3,6,8,4
2026-08-08,Heidenheim,Osnabruck,4,3,20,26,6,6,4,6
2026-08-08,Karlsruhe,Bielefeld,2,1,24,11,7,5,6,6
2026-08-08,Magdeburg,Braunschweig,1,6,10,24,3,13,5,5
2026-08-08,Wolfsburg,Kaiserslautern,0,0,19,8,5,3,9,2
2026-08-09,Cottbus,Hannover,3,1,12,27,4,10,2,6
2026-08-09,Nurnberg,Dresden,3,0,16,9,7,1,5,5
2026-08-09,St Pauli,Greuther Furth,1,1,18,15,6,7,9,2
2026-08-14,Braunschweig,Bochum,0,1,17,13,3,4,5,6
2026-08-14,Holstein Kiel,St Pauli,2,2,19,13,6,6,5,5
2026-08-15,Greuther Furth,Nurnberg,2,4,14,15,6,9,5,3
2026-08-15,Hertha,Heidenheim,4,1,19,11,9,3,5,3
2026-08-15,Osnabruck,Magdeburg,0,3,11,19,4,6,3,10
2026-08-15,Kaiserslautern,Karlsruhe,0,0,11,13,3,8,4,11
2026-08-16,Bielefeld,Cottbus,3,0,17,10,5,0,7,10
2026-08-16,Dresden,Darmstadt,1,0,12,10,6,1,7,5
2026-08-16,Hannover,Wolfsburg,0,1,14,18,2,7,8,6
2026-08-28,Bochum,Osnabruck,0,1,20,8,1,2,6,1
2026-08-28,Braunschweig,Hertha,3,5,17,26,9,6,5,12
2026-08-29,Cottbus,Greuther Furth,3,4,23,15,6,7,10,6
2026-08-29,Heidenheim,Dresden,5,3,27,17,10,8,6,9
2026-08-29,Karlsruhe,Wolfsburg,2,5,18,27,5,11,10,8
2026-08-29,Nurnberg,Bielefeld,4,1,13,21,6,5,3,8
2026-08-30,Darmstadt,Hannover,0,1,11,26,3,7,2,11
2026-08-30,Magdeburg,Holstein Kiel,2,0,10,14,2,2,3,3
2026-08-30,St Pauli,Kaiserslautern,1,2,21,11,7,4,4,5
2026-09-04,Bielefeld,St Pauli,2,2,9,8,2,5,3,5
2026-09-04,Hannover,Karlsruhe,2,2,12,20,6,7,1,5
2026-09-05,Holstein Kiel,Nurnberg,2,2,14,19,3,7,10,8
2026-09-05,Kaiserslautern,Darmstadt,3,0,21,9,7,2,9,3
2026-09-05,Wolfsburg,Cottbus,4,4,19,21,7,9,4,8
2026-09-05,Dresden,Bochum,1,2,15,15,4,6,8,4
2026-09-06,Greuther Furth,Heidenheim,0,1,14,6,5,5,7,2
2026-09-06,Hertha,Magdeburg,2,1,11,18,5,5,5,7
2026-09-06,Osnabruck,Braunschweig,3,1,13,21,8,12,5,5
2026-09-11,Darmstadt,Bielefeld,2,1,12,16,6,4,4,8
2026-09-11,Nurnberg,Hannover,2,1,27,9,8,2,7,2
2026-09-12,Bochum,Greuther Furth,1,1,16,18,5,6,3,7
2026-09-12,Braunschweig,Dresden,2,2,11,16,5,6,2,5
2026-09-12,Magdeburg,Kaiserslautern,3,0,18,13,10,6,4,3
2026-09-12,St Pauli,Wolfsburg,1,0,18,10,4,2,10,4
2026-09-13,Heidenheim,Holstein Kiel,1,0,19,13,4,2,6,8
2026-09-13,Karlsruhe,Cottbus,0,3,20,25,5,10,5,8
2026-09-13,Osnabruck,Hertha,1,3,14,22,7,7,4,5
2026-09-18,Greuther Furth,Magdeburg,1,1,8,14,4,6,3,5
2026-09-18,Wolfsburg,Darmstadt,5,1,19,12,6,3,8,5
2026-09-19,Holstein Kiel,Osnabruck,1,1,18,14,4,3,10,1
2026-09-19,Kaiserslautern,Braunschweig,1,0,23,15,10,4,7,5
2026-09-19,Karlsruhe,Nurnberg,0,1,9,10,3,3,3,4
2026-09-19,Dresden,Hertha,1,2,7,26,2,9,6,5
2026-09-20,Bielefeld,Heidenheim,2,2,6,14,3,7,5,6
2026-09-20,Cottbus,St Pauli,1,1,14,7,5,2,9,3
2026-09-20,Hannover,Bochum,2,1,10,28,7,10,2,12
2026-08-21,Arsenal,Coventry,3,0,20,4,6,1,8,2
2026-08-22,Hull,Man United,2,0,8,21,4,5,1,6
2026-08-22,Everton,Crystal Palace,2,0,16,11,5,4,4,0
2026-08-22,Ipswich,Sunderland,2,1,10,11,3,4,3,5
2026-08-22,Nott'm Forest,Leeds,0,1,12,11,2,3,3,2
2026-08-22,Brentford,Tottenham,3,0,26,9,8,4,7,3
2026-08-23,Brighton,Aston Villa,4,0,21,6,6,0,5,2
2026-08-23,Man City,Bournemouth,2,1,13,5,6,4,8,3
2026-08-23,Newcastle,Liverpool,2,2,13,27,4,7,2,6
2026-08-24,Fulham,Chelsea,2,3,14,18,6,6,6,4
2026-08-28,Crystal Palace,Man City,1,4,9,18,1,9,2,6
2026-08-29,Liverpool,Nott'm Forest,2,2,13,12,4,3,3,5
2026-08-29,Bournemouth,Everton,1,1,17,13,5,7,10,7
2026-08-29,Coventry,Hull,0,1,11,6,3,2,6,2
2026-08-29,Tottenham,Newcastle,0,2,17,11,6,2,9,7
2026-08-30,Chelsea,Brighton,4,3,17,15,6,6,4,7
2026-08-30,Leeds,Brentford,1,1,12,22,2,5,5,6
2026-08-30,Sunderland,Fulham,1,0,12,11,4,0,3,4
2026-08-30,Man United,Ipswich,5,2,33,9,11,5,8,4
2026-08-31,Aston Villa,Arsenal,0,1,7,7,0,2,2,4
2026-09-04,Ipswich,Liverpool,0,2,14,10,5,7,4,3
2026-09-05,Newcastle,Bournemouth,2,2,8,17,2,5,4,3
2026-09-05,Brentford,Sunderland,1,1,12,14,2,5,4,3
2026-09-05,Brighton,Leeds,1,1,20,10,5,5,7,6
2026-09-05,Fulham,Crystal Palace,2,3,25,10,6,5,7,1
2026-09-05,Man City,Coventry,1,0,15,12,4,3,4,5
2026-09-05,Nott'm Forest,Tottenham,0,0,12,11,2,0,2,10
2026-09-05,Hull,Aston Villa,0,0,11,13,4,1,3,4
2026-09-06,Everton,Man United,2,2,18,14,6,3,4,3
2026-09-06,Arsenal,Chelsea,2,1,16,13,9,5,5,3
2026-09-12,Aston Villa,Nott'm Forest,1,2,7,22,5,7,6,1
2026-09-12,Bournemouth,Brentford,2,2,20,8,10,2,2,1
2026-09-12,Chelsea,Hull,2,2,12,14,7,5,10,4
2026-09-12,Crystal Palace,Ipswich,2,3,11,12,4,6,6,3
2026-09-12,Liverpool,Fulham,0,0,14,10,3,4,5,8
2026-09-12,Tottenham,Everton,0,0,14,12,2,3,5,6
2026-09-12,Sunderland,Arsenal,0,2,12,11,3,5,4,2
2026-09-13,Coventry,Brighton,0,5,14,22,6,7,5,3
2026-09-13,Man United,Man City,0,1,16,6,3,2,6,7
2026-09-14,Leeds,Newcastle,4,1,15,7,6,5,5,5
2026-09-18,Brentford,Chelsea,3,0,13,12,6,2,4,12
2026-09-19,Tottenham,Aston Villa,2,3,20,15,7,6,11,1
2026-09-19,Brighton,Arsenal,3,0,17,11,5,2,5,6
2026-09-19,Everton,Ipswich,1,0,21,13,2,4,4,4
2026-09-19,Newcastle,Hull,2,1,12,22,5,4,4,7
2026-09-19,Nott'm Forest,Coventry,0,1,24,10,3,3,6,2
2026-09-20,Bournemouth,Liverpool,0,1,9,12,2,3,3,3
2026-09-20,Leeds,Crystal Palace,0,0,13,12,2,4,4,3
2026-09-20,Man City,Sunderland,5,3,16,17,6,9,6,5
2026-09-20,Fulham,Man United,1,1,12,29,6,6,3,13
2026-08-14,Wolves,Blackburn,2,2,18,10,3,5,5,5
2026-08-15,Bolton,Preston,2,1,15,10,6,3,5,2
2026-08-15,Bristol City,Millwall,0,2,8,24,0,3,6,6
2026-08-15,Charlton,Derby,2,1,13,15,4,4,5,4
2026-08-15,Middlesbrough,Lincoln,2,1,23,10,7,2,5,5
2026-08-15,Norwich,West Brom,1,2,20,9,7,4,8,2
2026-08-15,Portsmouth,QPR,1,3,17,13,6,6,6,3
2026-08-15,Stoke,Swansea,1,2,6,7,2,3,4,5
2026-08-15,Sheffield United,Birmingham,0,0,3,10,1,2,2,8
2026-08-16,Watford,Southampton,2,1,16,17,3,3,4,8
2026-08-16,Burnley,West Ham,2,2,18,11,6,2,5,6
2026-08-17,Cardiff,Wrexham,1,1,11,18,3,8,9,9
2026-08-22,Birmingham,Bristol City,2,2,8,14,2,6,7,3
2026-08-22,Lincoln,Portsmouth,1,3,15,13,4,7,8,3
2026-08-22,Millwall,Norwich,3,0,19,8,7,2,8,3
2026-08-22,Blackburn,Middlesbrough,2,1,6,22,5,3,2,10
2026-08-22,Derby,Cardiff,2,2,15,16,7,7,7,7
2026-08-22,Preston,Wolves,1,3,13,16,2,5,5,4
2026-08-22,QPR,Bolton,0,0,18,2,10,0,9,2
2026-08-22,Southampton,Stoke,3,1,18,15,5,2,4,2
2026-08-22,Swansea,Sheffield United,0,0,9,12,1,2,6,3
2026-08-22,West Ham,Charlton,1,2,25,7,9,5,7,4
2026-08-22,Wrexham,Watford,1,1,12,10,2,6,10,3
2026-08-23,West Brom,Burnley,3,1,11,11,7,3,3,5
2026-08-28,Wrexham,Birmingham,1,2,9,9,4,4,3,6
2026-08-29,Derby,Swansea,0,3,8,23,0,12,5,6
2026-08-29,Middlesbrough,West Brom,3,1,15,12,6,4,7,6
2026-08-29,Wolves,Stoke,4,1,18,10,8,3,7,1
2026-08-29,Blackburn,QPR,1,2,12,19,2,6,3,3
2026-08-29,Bolton,Lincoln,0,1,21,8,6,2,14,2
2026-08-29,Bristol City,Portsmouth,2,1,9,14,3,1,3,10
2026-08-29,Cardiff,Sheffield United,2,2,28,6,10,4,13,2
2026-08-29,Charlton,Preston,1,0,15,12,2,1,7,4
2026-08-29,Norwich,Burnley,4,1,20,16,6,4,3,5
2026-08-29,Southampton,Millwall,5,1,21,15,7,5,8,11
2026-08-29,Watford,West Ham,1,1,16,13,5,1,3,11
2026-09-01,Lincoln,Blackburn,0,0,18,8,1,2,5,7
2026-09-01,Portsmouth,Derby,0,2,21,8,3,5,11,2
2026-09-01,Preston,Bristol City,1,3,18,12,4,7,5,2
2026-09-01,Sheffield United,Bolton,3,2,13,18,5,6,5,5
2026-09-01,Swansea,Watford,2,0,18,9,8,3,5,3
2026-09-01,West Ham,Wolves,4,2,12,18,6,3,6,7
2026-09-01,Birmingham,Southampton,1,1,16,13,4,4,3,5
2026-09-01,Stoke,Norwich,1,0,6,15,2,6,3,5
2026-09-02,Millwall,Wrexham,0,3,4,9,0,3,1,2
2026-09-02,QPR,Cardiff,2,1,20,9,4,3,3,4
2026-09-02,West Brom,Charlton,1,1,15,4,3,1,8,3
2026-09-02,Burnley,Middlesbrough,1,1,11,10,3,2,5,1
2026-09-05,Lincoln,Southampton,1,1,19,16,5,4,4,6
2026-09-05,Preston,Blackburn,2,1,8,12,3,5,3,11
2026-09-05,Stoke,Charlton,4,0,17,13,8,3,5,3
2026-09-05,Burnley,Bristol City,1,2,8,15,2,4,5,8
2026-09-05,Millwall,Bolton,4,0,12,13,5,4,3,9
2026-09-05,Portsmouth,Cardiff,2,0,15,16,5,5,5,7
2026-09-05,QPR,Middlesbrough,0,1,16,16,5,6,12,3
2026-09-05,Sheffield United,Norwich,1,3,11,19,4,8,7,4
2026-09-05,West Brom,Watford,1,0,9,11,4,2,5,4
2026-09-05,West Ham,Derby,3,0,20,4,7,0,5,6
2026-09-05,Swansea,Wrexham,0,0,6,8,3,1,5,2
2026-09-06,Birmingham,Wolves,2,2,15,10,5,4,8,4
2026-09-08,Blackburn,Sheffield United,1,2,19,7,5,4,7,3
2026-09-08,Cardiff,Stoke,1,1,26,12,7,4,7,5
2026-09-08,Southampton,Swansea,3,1,16,10,4,2,9,3
2026-09-08,Watford,Preston,2,1,15,18,5,6,2,4
2026-09-08,Wrexham,Burnley,1,1,15,19,5,4,4,4
2026-09-08,Bolton,West Ham,2,3,13,11,6,7,4,4
2026-09-09,Derby,West Brom,0,1,13,4,3,1,11,3
2026-09-09,Norwich,Birmingham,2,1,15,14,6,3,6,7
2026-09-09,Charlton,QPR,0,0,9,15,0,2,5,12
2026-09-11,West Ham,Wrexham,6,0,19,8,9,1,3,6
2026-09-12,Bolton,Cardiff,1,0,7,17,5,10,2,10
2026-09-12,Derby,Birmingham,1,2,18,19,4,9,10,4
2026-09-12,West Brom,QPR,1,1,12,4,5,3,5,3
2026-09-12,Blackburn,Millwall,3,1,18,16,4,2,6,2
2026-09-12,Charlton,Portsmouth,0,0,10,9,3,3,7,5
2026-09-12,Middlesbrough,Norwich,4,3,17,13,6,5,3,5
2026-09-12,Preston,Lincoln,0,1,11,9,3,3,16,3
2026-09-12,Southampton,Bristol City,4,1,10,21,5,6,2,5
2026-09-12,Swansea,Burnley,3,1,13,18,6,6,3,6
2026-09-12,Watford,Stoke,1,2,6,18,2,6,5,8
2026-09-13,Sheffield United,Wolves,0,1,6,17,2,3,0,9
2026-09-15,Bristol City,Lincoln,0,1,18,9,4,3,13,4
2026-09-15,Middlesbrough,Millwall,2,2,22,11,7,4,14,1
2026-09-18,Bristol City,Watford,1,0,17,10,7,2,2,5
2026-09-19,Cardiff,Charlton,3,1,27,6,8,3,6,1
2026-09-19,Millwall,West Ham,2,2,19,15,7,6,3,11
2026-09-19,Stoke,Sheffield United,2,1,12,8,5,3,8,1
2026-09-19,Birmingham,Middlesbrough,2,2,15,15,5,4,5,3
2026-09-19,Burnley,Derby,1,1,6,17,2,6,4,6
2026-09-19,Lincoln,Swansea,1,2,13,10,4,4,2,1
2026-09-19,Portsmouth,Blackburn,2,2,22,8,7,5,9,7
2026-09-19,QPR,Preston,2,2,30,13,6,3,9,3
2026-09-19,Wrexham,Southampton,2,1,8,20,4,7,2,3
2026-09-20,Wolves,West Brom,1,0,15,7,6,2,8,7
2026-09-20,Norwich,Bolton,3,4,10,9,4,5,4,2
2026-08-15,Notts County,Leicester,1,1,16,11,2,2,3,5
2026-08-15,Oxford,Milton Keynes Dons,2,2,17,24,4,6,8,9
2026-08-15,Reading,Luton,3,4,17,12,5,5,5,2
2026-08-15,Barnsley,Bromley,0,1,22,12,8,3,12,2
2026-08-15,Blackpool,Wycombe,1,1,20,11,7,4,5,4
2026-08-15,Bradford,Peterboro,2,0,17,7,5,2,7,3
2026-08-15,Burton,Stevenage,1,1,10,5,2,3,2,0
2026-08-15,Cambridge,Wigan,3,2,17,18,6,4,8,5
2026-08-15,Huddersfield,AFC Wimbledon,3,0,10,10,3,1,4,5
2026-08-15,Leyton Orient,Sheffield Weds,1,2,10,15,3,5,5,7
2026-08-15,Mansfield,Doncaster,2,1,18,9,4,4,7,1
2026-08-15,Plymouth,Stockport,1,3,15,9,4,4,5,3
2026-08-20,Sheffield Weds,Bradford,0,1,13,10,3,4,8,9
2026-08-22,Doncaster,Barnsley,0,0,12,13,3,1,4,4
2026-08-22,Luton,Notts County,2,2,14,6,4,4,8,3
2026-08-22,AFC Wimbledon,Reading,0,0,4,12,2,3,7,7
2026-08-22,Bromley,Cambridge,1,1,8,11,3,6,2,5
2026-08-22,Leicester,Burton,1,2,13,13,3,6,5,3
2026-08-22,Milton Keynes Dons,Huddersfield,1,1,15,18,3,8,3,4
2026-08-22,Peterboro,Mansfield,2,1,15,10,5,4,6,3
2026-08-22,Stevenage,Oxford,1,2,14,12,3,5,6,6
2026-08-22,Stockport,Blackpool,1,2,28,10,9,3,14,2
2026-08-22,Wigan,Leyton Orient,0,2,16,9,2,3,4,3
2026-08-22,Wycombe,Plymouth,1,1,14,12,5,3,5,5
2026-08-29,Blackpool,Peterboro,4,0,17,15,11,6,3,5
2026-08-29,Milton Keynes Dons,Leicester,0,0,7,24,1,7,4,9
2026-08-29,Cambridge,Huddersfield,1,2,11,6,4,4,4,3
2026-08-29,Leyton Orient,Barnsley,1,3,7,16,3,7,4,9
2026-08-29,Notts County,Burton,2,1,20,2,8,1,7,1
2026-08-29,Plymouth,Bradford,2,0,14,4,3,0,8,6
2026-08-29,Sheffield Weds,Bromley,7,2,29,7,15,2,5,3
2026-08-29,Stevenage,Doncaster,2,2,9,12,5,4,9,9
2026-08-29,Stockport,Wycombe,5,1,17,7,7,5,6,5
2026-08-30,AFC Wimbledon,Wigan,1,0,13,16,2,5,5,9
2026-08-30,Mansfield,Luton,5,2,21,12,6,4,4,7
2026-09-01,Bradford,Cambridge,1,2,20,6,5,2,12,3
2026-09-01,Bromley,Leyton Orient,0,5,8,19,2,11,2,4
2026-09-01,Doncaster,Notts County,1,1,14,14,2,3,4,6
2026-09-01,Huddersfield,Oxford,3,1,24,5,11,2,5,0
2026-09-01,Leicester,Plymouth,2,0,18,13,5,4,5,9
2026-09-01,Peterboro,Stevenage,0,0,9,11,0,4,3,3
2026-09-01,Wycombe,Sheffield Weds,1,2,14,16,6,7,6,6
2026-09-02,Barnsley,Blackpool,2,1,24,18,6,4,13,4
2026-09-02,Burton,AFC Wimbledon,4,1,10,19,5,4,4,7
2026-09-02,Luton,Stockport,2,0,7,11,5,2,2,8
2026-09-02,Wigan,Milton Keynes Dons,3,1,19,18,6,4,5,5
2026-09-02,Reading,Mansfield,5,0,20,11,7,5,5,2
2026-09-05,Peterboro,Sheffield Weds,1,2,20,13,3,5,4,9
2026-09-05,Wigan,Stockport,0,4,9,16,1,8,6,5
2026-09-05,Barnsley,Stevenage,1,5,17,10,4,5,7,3
2026-09-05,Bradford,Mansfield,1,0,9,8,7,2,4,3
2026-09-05,Burton,Cambridge,2,2,13,10,3,3,2,7
2026-09-05,Doncaster,Plymouth,2,3,17,17,3,9,7,3
2026-09-05,Huddersfield,Notts County,1,1,18,9,7,3,9,6
2026-09-05,Leicester,Oxford,0,4,14,12,5,6,10,5
2026-09-05,Luton,Leyton Orient,1,1,23,7,7,3,7,2
2026-09-05,Reading,Blackpool,3,1,19,8,6,1,6,3
2026-09-05,Wycombe,Milton Keynes Dons,3,3,9,12,7,5,5,5
2026-09-07,Bromley,AFC Wimbledon,0,2,9,9,2,4,4,4
2026-09-10,Stevenage,Luton,2,1,9,10,3,2,2,4
2026-09-12,Leyton Orient,Wycombe,2,3,14,14,4,7,6,9
2026-09-12,Notts County,Bradford,0,1,9,8,1,3,5,4
2026-09-12,AFC Wimbledon,Doncaster,1,0,11,22,3,9,6,6
2026-09-12,Blackpool,Bromley,2,2,18,15,4,8,12,6
2026-09-12,Cambridge,Reading,2,1,11,19,5,4,7,3
2026-09-12,Mansfield,Huddersfield,0,0,9,19,1,2,2,6
2026-09-12,Milton Keynes Dons,Peterboro,1,1,14,17,2,3,6,9
2026-09-12,Oxford,Burton,3,0,11,9,5,2,2,5
2026-09-12,Plymouth,Barnsley,3,0,7,15,4,0,4,8
2026-09-12,Sheffield Weds,Wigan,0,0,12,13,3,2,8,7
2026-09-12,Stockport,Leicester,3,4,18,9,5,5,8,1
2026-09-17,AFC Wimbledon,Milton Keynes Dons,0,0,11,11,2,2,5,6
2026-09-19,Barnsley,Leicester,1,1,12,20,5,8,5,12
2026-09-19,Burton,Mansfield,2,2,10,12,3,5,4,5
2026-09-19,Blackpool,Plymouth,2,4,10,24,4,9,3,8
2026-09-19,Bromley,Huddersfield,2,1,5,18,3,8,4,9
2026-09-19,Leyton Orient,Stevenage,1,0,7,16,1,4,3,6
2026-09-19,Luton,Bradford,0,1,15,5,3,3,14,3
2026-09-19,Oxford,Cambridge,1,1,10,15,5,2,5,8
2026-09-19,Peterboro,Doncaster,0,2,14,9,0,4,8,3
2026-09-19,Reading,Notts County,2,0,17,12,7,2,4,1
2026-09-19,Sheffield Weds,Stockport,0,0,6,18,2,2,4,5
2026-09-19,Wigan,Wycombe,0,1,12,11,2,1,4,5
2026-08-15,Newport County,Rochdale,3,0,12,5,6,0,9,6
2026-08-15,Oldham,Port Vale,2,0,11,13,3,2,1,6
2026-08-15,Accrington,Colchester,2,2,20,7,11,5,9,4
2026-08-15,Barnet,Salford,3,1,20,14,7,3,6,5
2026-08-15,Cheltenham,Rotherham,2,1,6,19,4,5,5,4
2026-08-15,Chesterfield,Fleetwood Town,0,1,15,14,3,7,5,1
2026-08-15,Crawley Town,Crewe,0,1,9,18,3,4,4,11
2026-08-15,Gillingham,Walsall,0,3,17,17,7,5,6,9
2026-08-15,Grimsby,Exeter,1,0,21,8,4,2,6,3
2026-08-15,Northampton,Swindon,0,0,11,4,3,0,10,1
2026-08-15,Tranmere,Shrewsbury,2,0,7,15,4,5,3,5
2026-08-15,York,Bristol Rvs,3,2,16,13,5,3,7,6
2026-08-22,Bristol Rvs,Newport County,5,3,26,8,9,3,11,1
2026-08-22,Salford,Chesterfield,0,1,10,14,3,3,5,1
2026-08-22,Walsall,Grimsby,0,0,16,13,2,1,8,7
2026-08-22,Colchester,Oldham,2,1,17,6,5,2,8,2
2026-08-22,Crewe,Northampton,1,0,6,15,3,6,7,6
2026-08-22,Exeter,Accrington,2,0,19,14,5,2,9,1
2026-08-22,Fleetwood Town,Gillingham,0,0,17,9,0,3,10,2
2026-08-22,Port Vale,Tranmere,1,1,9,6,4,4,4,3
2026-08-22,Rochdale,Crawley Town,1,2,7,12,3,2,5,3
2026-08-22,Rotherham,York,1,1,10,17,2,5,5,9
2026-08-22,Shrewsbury,Barnet,1,3,10,15,1,3,7,9
2026-08-22,Swindon,Cheltenham,2,1,5,14,3,6,2,5
2026-08-29,Barnet,Cheltenham,2,2,14,9,3,5,11,4
2026-08-29,Port Vale,Crewe,0,0,11,14,4,3,3,1
2026-08-29,Rotherham,Chesterfield,2,1,13,7,4,2,2,0
2026-08-29,Colchester,Rochdale,1,0,11,11,5,4,5,3
2026-08-29,Crawley Town,Bristol Rvs,0,2,8,27,1,5,2,4
2026-08-29,Gillingham,Northampton,1,1,11,5,3,1,4,4
2026-08-29,Grimsby,Fleetwood Town,2,2,15,11,5,4,7,5
2026-08-29,Newport County,Tranmere,2,2,11,15,4,5,4,6
2026-08-29,Oldham,Swindon,3,0,26,3,9,1,14,4
2026-08-29,Shrewsbury,Salford,1,0,9,13,2,1,5,3
2026-08-29,Walsall,Accrington,3,2,16,22,5,6,4,4
2026-08-29,York,Exeter,2,1,11,8,8,2,7,5
2026-09-01,Accrington,Grimsby,2,2,12,19,5,7,2,8
2026-09-01,Bristol Rvs,Colchester,2,0,24,13,8,1,3,2
2026-09-01,Cheltenham,York,3,2,13,20,5,5,4,4
2026-09-01,Chesterfield,Gillingham,1,1,24,7,10,1,8,2
2026-09-01,Crewe,Walsall,2,2,20,14,5,4,9,4
2026-09-01,Exeter,Barnet,1,1,9,10,5,4,1,2
2026-09-01,Fleetwood Town,Oldham,1,1,16,12,3,3,7,4
2026-09-01,Northampton,Crawley Town,1,1,8,22,3,5,4,4
2026-09-01,Rochdale,Shrewsbury,3,0,7,16,3,5,1,3
2026-09-01,Salford,Newport County,2,1,32,4,7,2,10,0
2026-09-01,Swindon,Port Vale,3,1,14,8,6,2,10,4
2026-09-01,Tranmere,Rotherham,2,2,12,14,4,3,2,4
2026-09-05,Fleetwood Town,Shrewsbury,2,0,10,10,3,1,3,4
2026-09-05,Salford,Port Vale,1,0,8,13,2,3,6,6
2026-09-05,Accrington,Crawley Town,3,2,10,15,4,5,1,4
2026-09-05,Bristol Rvs,Rotherham,1,0,12,7,5,2,10,4
2026-09-05,Cheltenham,Grimsby,2,2,8,12,4,5,3,7
2026-09-05,Chesterfield,Barnet,3,3,15,23,7,6,4,8
2026-09-05,Crewe,York,1,1,17,27,6,6,5,9
2026-09-05,Exeter,Walsall,0,0,13,8,3,2,4,8
2026-09-05,Northampton,Newport County,1,0,8,4,4,2,2,0
2026-09-05,Rochdale,Gillingham,1,4,7,16,4,6,6,6
2026-09-05,Swindon,Colchester,3,1,14,18,6,6,4,6
2026-09-05,Tranmere,Oldham,2,0,9,22,4,6,2,10
2026-09-12,Crawley Town,Cheltenham,1,3,18,9,6,3,8,3
2026-09-12,Grimsby,Bristol Rvs,2,0,8,3,3,1,8,8
2026-09-12,Barnet,Accrington,2,1,15,8,5,2,6,4
2026-09-12,Colchester,Crewe,1,1,16,9,5,1,1,3
2026-09-12,Gillingham,Tranmere,2,0,10,15,5,3,5,5
2026-09-12,Newport County,Fleetwood Town,1,1,16,14,2,3,9,3
2026-09-12,Oldham,Chesterfield,1,2,8,13,6,5,1,4
2026-09-12,Port Vale,Exeter,1,0,14,10,4,0,6,4
2026-09-12,Rotherham,Salford,3,3,20,10,9,5,4,3
2026-09-12,Shrewsbury,Northampton,2,0,11,7,4,5,1,5
2026-09-12,Walsall,Rochdale,0,0,24,9,7,1,7,4
2026-09-12,York,Swindon,4,0,20,7,9,4,6,1
2026-09-19,Rochdale,Oldham,2,0,7,17,2,1,0,6
2026-09-19,Walsall,Port Vale,2,0,15,9,5,1,7,4
2026-09-19,Accrington,Newport County,0,0,10,14,4,4,4,5
2026-09-19,Barnet,Fleetwood Town,3,1,13,15,6,4,5,6
2026-09-19,Chesterfield,York,2,0,26,7,8,0,7,4
2026-09-19,Colchester,Cheltenham,1,1,8,12,2,2,3,9
2026-09-19,Crewe,Shrewsbury,1,1,10,21,4,6,6,9
2026-09-19,Exeter,Tranmere,0,0,9,10,3,1,6,2
2026-09-19,Gillingham,Bristol Rvs,3,0,10,8,6,2,2,1
2026-09-19,Grimsby,Crawley Town,2,0,22,13,11,1,9,6
2026-09-19,Northampton,Rotherham,0,1,17,11,3,5,5,7
2026-09-19,Salford,Swindon,1,0,21,12,6,1,12,5
2026-08-08,Altrincham,Southend,1,3,8,16,4,7,1,1
2026-08-08,Boreham Wood,Tamworth,3,3,15,8,9,6,10,2
2026-08-08,Boston Utd,Aldershot,0,1,10,13,5,5,2,4
2026-08-08,Carlisle,Worthing,2,3,17,4,6,3,6,0
2026-08-08,Eastleigh,Gateshead,2,1,8,11,4,6,5,8
2026-08-08,Forest Green,Halifax,3,2,8,10,6,4,8,5
2026-08-08,Fylde,Wealdstone,2,2,15,10,10,5,5,5
2026-08-08,Harrogate,Solihull,5,2,19,8,12,2,8,5
2026-08-08,Hartlepool,Barrow,2,0,6,6,5,3,2,5
2026-08-08,Hornchurch,Kidderminster,3,0,15,5,8,1,4,3
2026-08-08,Scunthorpe,Yeovil,1,1,4,4,2,2,4,3
2026-08-08,Woking,Sutton,0,3,11,8,2,5,5,1
2026-08-15,Aldershot,Hartlepool,0,1,7,6,3,3,2,4
2026-08-15,Barrow,Hornchurch,1,2,11,4,5,3,8,3
2026-08-15,Gateshead,Woking,2,0,6,7,4,3,4,6
2026-08-15,Halifax,Boreham Wood,1,3,9,7,4,5,6,10
2026-08-15,Kidderminster,Eastleigh,1,0,9,1,5,0,10,2
2026-08-15,Solihull,Boston Utd,0,2,2,15,1,9,7,5
2026-08-15,Southend,Scunthorpe,1,0,11,4,6,1,11,1
2026-08-15,Sutton,Altrincham,1,0,3,2,3,1,2,6
2026-08-15,Tamworth,Fylde,1,2,11,7,5,3,3,4
2026-08-15,Wealdstone,Harrogate,1,3,9,9,2,5,6,1
2026-08-15,Worthing,Forest Green,1,2,10,11,6,7,4,11
2026-08-15,Yeovil,Carlisle,1,1,7,11,3,5,3,7
2026-08-22,Boston Utd,Altrincham,1,0,9,2,6,0,9,6
2026-08-22,Carlisle,Hornchurch,4,1,15,6,13,5,8,7
2026-08-22,Eastleigh,Scunthorpe,3,2,8,9,5,3,6,4
2026-08-22,Forest Green,Boreham Wood,0,3,2,9,0,5,2,5
2026-08-22,Halifax,Tamworth,4,1,10,8,9,3,2,7
2026-08-22,Harrogate,Barrow,2,2,6,8,5,4,3,6
2026-08-22,Kidderminster,Aldershot,1,1,9,6,5,2,9,2
2026-08-22,Solihull,Southend,1,3,10,10,6,4,6,4
2026-08-22,Sutton,Hartlepool,2,1,8,7,3,3,4,5
2026-08-22,Woking,Fylde,3,2,9,6,5,2,1,3
2026-08-22,Worthing,Wealdstone,1,0,19,4,11,3,7,5
2026-08-22,Yeovil,Gateshead,3,0,16,1,12,1,7,2
2026-08-27,Boreham Wood,Boston Utd,2,1,17,3,5,2,7,1
2026-08-28,Aldershot,Harrogate,3,1,9,11,4,6,7,5
2026-08-28,Altrincham,Halifax,2,1,9,11,5,8,4,4
2026-08-28,Barrow,Yeovil,1,2,15,7,9,4,9,3
2026-08-28,Fylde,Forest Green,2,0,5,4,3,1,4,6
2026-08-28,Gateshead,Sutton,0,1,5,6,2,4,2,4
2026-08-28,Hartlepool,Eastleigh,0,1,7,9,1,5,5,6
2026-08-28,Hornchurch,Woking,1,0,7,10,3,1,5,5
2026-08-28,Scunthorpe,Solihull,3,1,10,8,5,5,9,8
2026-08-28,Southend,Kidderminster,1,3,10,6,6,5,7,3
2026-08-28,Tamworth,Worthing,3,2,17,8,9,2,8,3
2026-08-28,Wealdstone,Carlisle,1,1,8,7,5,4,6,1
2026-08-31,Boston Utd,Hornchurch,2,3,14,11,8,8,10,5
2026-08-31,Carlisle,Scunthorpe,4,2,18,8,10,6,6,5
2026-08-31,Eastleigh,Aldershot,1,1,5,9,2,3,6,4
2026-08-31,Forest Green,Altrincham,1,2,12,6,6,5,10,5
2026-08-31,Harrogate,Gateshead,2,1,18,7,9,5,6,1
2026-08-31,Kidderminster,Barrow,1,1,6,6,2,4,2,8
2026-08-31,Solihull,Fylde,1,3,14,6,5,5,6,5
2026-08-31,Sutton,Wealdstone,0,2,4,9,1,3,3,3
2026-08-31,Woking,Southend,1,1,8,8,3,5,6,8
2026-08-31,Worthing,Boreham Wood,2,3,6,8,6,5,6,6
2026-08-31,Yeovil,Tamworth,3,2,11,17,7,8,4,3
2026-09-01,Halifax,Hartlepool,1,0,11,10,8,5,8,7
2026-09-04,Altrincham,Eastleigh,2,1,7,8,5,4,1,4
2026-09-05,Aldershot,Halifax,1,0,7,8,4,2,6,3
2026-09-05,Southend,Yeovil,3,2,13,3,9,2,9,2
2026-09-05,Barrow,Sutton,3,0,7,6,4,1,5,6
2026-09-05,Fylde,Worthing,2,2,8,11,3,5,9,2
2026-09-05,Gateshead,Solihull,1,1,7,16,2,5,0,6
2026-09-05,Hartlepool,Woking,1,0,10,8,5,5,7,5
2026-09-05,Hornchurch,Forest Green,0,1,12,11,3,4,6,3
2026-09-05,Scunthorpe,Harrogate,0,2,8,7,4,5,6,1
2026-09-05,Tamworth,Boston Utd,2,2,17,8,8,4,7,4
2026-09-05,Wealdstone,Kidderminster,1,4,13,8,4,4,10,0
2026-09-05,Boreham Wood,Carlisle,2,1,12,10,9,3,4,5
2026-09-11,Kidderminster,Hartlepool,2,0,9,3,4,0,6,3
2026-09-12,Harrogate,Tamworth,3,1,20,9,12,3,10,6
2026-09-12,Worthing,Barrow,2,2,13,9,10,7,10,8
2026-09-12,Boston Utd,Wealdstone,1,3,12,10,6,4,8,4
2026-09-12,Eastleigh,Boreham Wood,1,1,8,11,2,2,4,2
2026-09-12,Forest Green,Gateshead,4,0,22,3,9,0,5,2
2026-09-12,Halifax,Hornchurch,3,0,15,8,7,2,8,4
2026-09-12,Solihull,Aldershot,1,2,18,11,8,9,10,2
2026-09-12,Sutton,Scunthorpe,0,2,4,7,2,4,6,5
2026-09-12,Woking,Altrincham,5,1,14,8,11,3,3,8
2026-09-12,Yeovil,Fylde,1,4,13,11,3,9,3,3
2026-09-12,Carlisle,Southend,2,2,18,7,11,3,7,4
2026-09-15,Aldershot,Yeovil,1,1,9,6,4,5,3,4
2026-09-15,Boston Utd,Woking,1,1,14,9,9,5,9,10
2026-09-15,Carlisle,Forest Green,1,1,9,7,4,2,6,9
2026-09-15,Harrogate,Fylde,1,2,13,6,7,5,6,4
2026-09-15,Solihull,Barrow,1,0,6,7,3,4,4,6
2026-09-15,Southend,Tamworth,3,1,16,4,8,2,9,2
2026-09-15,Sutton,Eastleigh,2,1,9,2,4,1,7,1
2026-09-15,Wealdstone,Halifax,0,1,4,5,2,4,0,0
2026-09-15,Worthing,Hornchurch,1,0,6,6,3,4,2,4
2026-09-16,Altrincham,Hartlepool,2,1,11,9,4,4,8,1
2026-09-16,Kidderminster,Gateshead,1,0,4,9,1,6,1,2
2026-09-16,Scunthorpe,Boreham Wood,1,2,8,12,3,4,4,10
2026-09-18,Yeovil,Solihull,4,1,9,10,6,6,7,1
2026-09-19,Hartlepool,Worthing,1,3,8,14,6,8,5,3
2026-09-19,Tamworth,Wealdstone,2,1,11,4,5,2,8,1
2026-09-19,Barrow,Aldershot,1,0,11,7,4,4,2,8
2026-09-19,Boreham Wood,Harrogate,4,1,7,8,7,5,4,1
2026-09-19,Eastleigh,Carlisle,1,0,8,5,2,1,5,6
2026-09-19,Forest Green,Boston Utd,1,3,11,8,5,5,9,6
2026-09-19,Fylde,Altrincham,1,2,8,7,4,5,4,2
2026-09-19,Gateshead,Southend,1,6,6,12,3,11,4,3
2026-09-19,Halifax,Sutton,1,1,8,8,4,4,1,8
2026-09-19,Woking,Kidderminster,0,0,9,4,2,1,6,6
2026-09-19,Hornchurch,Scunthorpe,1,0,6,10,2,6,6,7
2026-08-21,Marseille,Strasbourg,4,0,14,5,8,2,3,4
2026-08-22,Lens,Auxerre,5,2,12,10,9,4,4,7
2026-08-22,Le Mans,Brest,2,2,8,26,5,7,1,10
2026-08-22,Nice,Lorient,0,0,14,10,1,2,9,3
2026-08-22,Toulouse,Lyon,0,2,17,11,2,3,6,5
2026-08-22,Troyes,Paris FC,0,0,9,10,2,1,6,2
2026-08-23,Angers,Lille,0,2,20,11,2,8,8,3
2026-08-23,Le Havre,Monaco,0,1,15,15,4,7,7,4
2026-08-23,Rennes,Paris SG,2,2,9,19,3,5,0,10
2026-08-28,Lille,Paris SG,2,2,9,18,4,4,0,5
2026-08-29,Strasbourg,Lens,2,1,16,17,7,7,3,6
2026-08-29,Auxerre,Angers,1,3,20,15,7,6,7,10
2026-08-29,Brest,Toulouse,2,2,26,6,7,2,7,2
2026-08-29,Lorient,Troyes,1,2,15,11,6,2,2,5
2026-08-29,Lyon,Le Havre,1,1,16,12,5,4,5,5
2026-08-30,Paris FC,Nice,3,0,15,15,4,4,2,4
2026-08-30,Rennes,Le Mans,3,2,22,12,8,5,8,6
2026-08-30,Monaco,Marseille,2,0,11,13,5,2,5,7
2026-09-03,Toulouse,Lille,0,1,24,10,10,6,6,2
2026-09-04,Lyon,Auxerre,3,1,21,8,7,3,9,5
2026-09-04,Paris SG,Monaco,1,2,23,4,10,2,6,0
2026-09-05,Lens,Lorient,0,1,17,8,6,3,8,0
2026-09-05,Le Havre,Brest,1,2,18,19,4,9,5,5
2026-09-05,Nice,Le Mans,1,1,8,8,2,3,5,2
2026-09-06,Troyes,Strasbourg,2,6,27,19,6,12,11,0
2026-09-06,Angers,Rennes,1,2,19,17,3,5,12,6
2026-09-06,Marseille,Paris FC,2,3,14,18,5,7,5,4
2026-09-11,Rennes,Marseille,1,0,20,13,7,5,3,5
2026-09-12,Strasbourg,Monaco,1,1,13,12,2,3,2,7
2026-09-12,Auxerre,Nice,1,0,11,12,7,4,3,8
2026-09-12,Le Havre,Angers,0,0,15,9,6,1,4,6
2026-09-12,Lorient,Toulouse,2,2,10,13,3,4,4,3
2026-09-12,Paris FC,Lyon,0,0,6,5,4,1,4,3
2026-09-13,Lille,Troyes,2,0,13,8,6,1,2,5
2026-09-13,Le Mans,Lens,2,2,13,16,5,6,3,9
2026-09-13,Brest,Paris SG,0,1,16,15,4,7,3,2
2026-09-18,Monaco,Lens,2,1,9,12,6,4,2,8
2026-09-19,Paris FC,Strasbourg,2,1,17,5,7,1,3,0
2026-09-19,Angers,Troyes,2,0,12,19,3,3,2,11
2026-09-19,Le Mans,Lorient,2,1,11,9,7,2,1,3
2026-09-19,Lyon,Rennes,4,0,15,13,9,4,3,8
2026-09-19,Toulouse,Le Havre,3,2,14,18,5,7,6,7
2026-09-20,Auxerre,Brest,2,1,11,8,4,2,8,3
2026-09-20,Nice,Lille,2,1,10,21,4,8,3,7
2026-09-20,Marseille,Paris SG,1,2,12,31,4,10,3,7
2026-08-08,Boulogne,Nancy,0,0,4,12,1,2,1,6
2026-08-08,Clermont,Reims,0,0,3,9,0,0,3,2
2026-08-08,Dunkerque,Grenoble,4,2,17,9,6,2,10,2
2026-08-08,Metz,Guingamp,2,1,15,12,7,7,5,3
2026-08-08,Montpellier,Dijon,1,1,27,12,6,4,4,0
2026-08-08,Nantes,Red Star,0,1,10,13,2,3,4,8
2026-08-08,Pau FC,Annecy,0,1,17,9,2,3,6,4
2026-08-08,Rodez,Laval,3,1,20,6,9,1,8,4
2026-08-08,Sochaux,St Etienne,0,3,14,14,2,7,6,1
2026-08-14,Annecy,Rodez,2,0,12,11,6,3,8,7
2026-08-14,Dijon,Pau FC,0,1,16,6,9,3,6,2
2026-08-14,Grenoble,Metz,0,0,9,9,2,1,1,5
2026-08-14,Guingamp,Boulogne,1,0,14,12,3,2,3,4
2026-08-14,Laval,Nantes,2,1,9,16,5,3,2,7
2026-08-14,Nancy,Montpellier,0,1,16,13,5,4,6,6
2026-08-14,Red Star,Sochaux,0,0,20,6,5,2,12,1
2026-08-14,Reims,Dunkerque,3,3,9,15,4,9,2,9
2026-08-14,St Etienne,Clermont,3,1,22,6,4,2,7,6
2026-08-21,Boulogne,Red Star,1,1,17,6,9,3,3,3
2026-08-21,Clermont,Dijon,1,1,8,18,2,6,2,7
2026-08-21,Dunkerque,Montpellier,0,1,12,11,3,5,5,7
2026-08-21,Pau FC,Nancy,0,1,15,8,1,3,5,4
2026-08-21,Sochaux,Guingamp,1,0,8,18,3,6,2,8
2026-08-22,Metz,Laval,1,1,17,11,7,3,4,7
2026-08-22,Nantes,Rodez,2,5,14,16,6,5,4,6
2026-08-22,St Etienne,Grenoble,4,0,18,2,10,0,6,2
2026-08-24,Reims,Annecy,3,1,20,8,10,2,4,3
2026-08-28,Clermont,Sochaux,0,0,6,5,2,1,8,3
2026-08-28,Laval,Grenoble,0,3,15,7,4,5,8,0
2026-08-28,Montpellier,Boulogne,0,0,12,13,6,8,7,1
2026-08-28,Nancy,Dunkerque,2,0,18,8,4,2,1,3
2026-08-28,Rodez,Pau FC,2,2,10,14,5,2,5,3
2026-08-29,Annecy,Metz,1,1,15,14,6,1,7,6
2026-08-29,Red Star,Reims,1,4,12,10,5,8,7,2
2026-08-29,Guingamp,Nantes,3,3,14,20,7,6,1,5
2026-08-31,Dijon,St Etienne,2,3,13,17,7,12,3,3
2026-09-04,Boulogne,Dijon,1,1,15,12,3,6,10,5
2026-09-04,Dunkerque,Clermont,1,1,17,14,2,3,2,7
2026-09-04,Grenoble,Annecy,1,2,10,13,2,4,5,6
2026-09-04,Laval,Red Star,1,2,15,16,3,7,5,6
2026-09-04,Pau FC,Sochaux,1,1,19,12,8,4,8,1
2026-09-05,Metz,Rodez,4,1,19,19,8,6,7,7
2026-09-05,Reims,Guingamp,2,2,9,17,3,7,0,3
2026-09-05,St Etienne,Montpellier,3,1,14,6,5,3,5,4
2026-09-07,Nantes,Nancy,1,0,15,5,2,0,4,1
2026-09-11,Clermont,Boulogne,0,0,6,10,3,3,3,4
2026-09-11,Dijon,Laval,3,2,9,20,3,7,2,7
2026-09-11,Montpellier,Pau FC,1,0,12,11,4,2,6,3
2026-09-11,Nancy,Reims,1,2,20,8,4,3,5,0
2026-09-11,Rodez,Grenoble,0,1,22,3,8,1,10,1
2026-09-12,Guingamp,Annecy,2,1,14,9,7,4,6,5
2026-09-12,Sochaux,Nantes,1,0,9,12,3,3,4,6
2026-09-12,Dunkerque,St Etienne,2,1,7,11,2,5,3,3
2026-09-14,Red Star,Metz,1,0,19,11,7,1,9,2
2026-09-18,Annecy,Dijon,1,2,12,11,2,3,5,1
2026-09-18,Grenoble,Clermont,1,1,12,11,2,5,5,4
2026-09-18,Laval,Sochaux,1,1,21,10,6,3,6,3
2026-09-18,Pau FC,Dunkerque,2,0,22,7,10,3,6,2
2026-09-18,Reims,Montpellier,1,1,21,10,6,4,5,4
2026-09-18,Rodez,Nancy,3,4,10,24,5,8,4,5
2026-09-19,Boulogne,Nantes,1,2,10,11,2,2,1,6
2026-09-19,Guingamp,Red Star,1,3,11,24,3,6,4,3
2026-09-19,Metz,St Etienne,2,2,10,12,3,6,3,6
2026-08-22,AEK,Iraklis,4,0,24,7,11,1,5,2
2026-08-22,Kalamata,Aris,2,3,7,19,3,7,1,10
2026-08-22,Olympiakos,Atromitos,1,0,26,8,10,1,14,4
2026-08-23,OFI Crete,Volos NFC,2,0,9,10,2,1,5,2
2026-08-23,PAOK,Levadeiakos,4,0,13,8,5,1,3,1
2026-08-23,Panetolikos,Asteras Tripolis,3,1,4,14,4,6,1,3
2026-08-29,Volos NFC,Iraklis,1,1,17,10,3,1,2,2
2026-08-29,Panetolikos,Kalamata,2,0,20,11,4,3,4,3
2026-08-30,Aris,OFI Crete,2,1,17,10,10,3,3,1
2026-08-30,Atromitos,PAOK,1,2,16,14,3,4,2,6
2026-08-30,Asteras Tripolis,Olympiakos,0,1,10,15,3,7,3,6
2026-08-30,Kifisia,AEK,1,1,14,9,3,5,1,2
2026-08-31,Levadeiakos,Panathinaikos,0,2,8,15,2,6,5,5
2026-09-05,Volos NFC,Olympiakos,1,1,6,17,1,4,0,9
2026-09-05,AEK,Aris,5,0,21,7,10,2,2,2
2026-09-06,Atromitos,Kalamata,1,1,10,12,2,3,8,2
2026-09-06,OFI Crete,Kifisia,2,0,5,16,3,3,1,9
2026-09-06,Levadeiakos,Panetolikos,0,2,17,9,0,3,8,2
2026-09-06,Panathinaikos,PAOK,3,1,25,5,11,2,5,2
2026-09-07,Asteras Tripolis,Iraklis,0,2,14,6,5,2,7,4
2026-09-10,Panathinaikos,Kifisia,3,1,17,6,8,4,11,1
2026-09-12,Olympiakos,OFI Crete,0,1,20,13,4,4,8,2
2026-09-12,Iraklis,Atromitos,1,1,10,10,2,4,1,0
2026-09-13,Kalamata,Volos NFC,3,1,15,11,6,5,6,3
2026-09-13,Asteras Tripolis,AEK,1,1,13,21,5,3,7,5
2026-09-13,Kifisia,Levadeiakos,0,0,10,5,4,1,9,4
2026-09-13,PAOK,Aris,2,0,13,15,5,3,3,7
2026-09-13,Panathinaikos,Panetolikos,3,0,27,5,9,2,8,2
2026-09-19,Atromitos,Kifisia,1,2,14,6,5,3,3,2
2026-09-19,Aris,Iraklis,0,0,23,6,2,1,7,4
2026-09-20,Levadeiakos,Olympiakos,0,1,8,18,4,3,4,9
2026-09-20,Volos NFC,AEK,1,2,12,11,4,2,3,5
2026-09-20,OFI Crete,Asteras Tripolis,2,2,17,7,6,3,5,2
2026-09-20,Kalamata,Panathinaikos,0,1,13,14,4,5,3,6
2026-09-20,Panetolikos,PAOK,1,3,2,16,1,5,7,5
2026-08-22,Inter,Monza,4,1,13,7,5,3,3,3
2026-08-22,Udinese,Como,1,1,17,20,3,6,1,10
2026-08-22,Genoa,Napoli,0,2,11,13,2,4,5,5
2026-08-22,Parma,Cagliari,0,1,13,14,2,5,3,2
2026-08-23,Frosinone,Juventus,0,1,11,20,2,5,3,12
2026-08-23,Venezia,Lecce,0,2,19,12,7,5,5,3
2026-08-23,Atalanta,Sassuolo,2,1,14,22,7,8,4,4
2026-08-23,Torino,Milan,1,2,8,19,1,4,2,4
2026-08-24,Bologna,Lazio,0,1,14,10,5,3,8,6
2026-08-24,Roma,Fiorentina,4,0,17,9,8,4,2,3
2026-08-28,Milan,Venezia,2,0,16,9,5,2,2,3
2026-08-29,Fiorentina,Frosinone,0,3,25,12,4,6,8,5
2026-08-29,Monza,Udinese,2,3,15,12,5,5,3,3
2026-08-29,Sassuolo,Torino,2,1,19,10,7,4,4,3
2026-08-29,Juventus,Parma,2,0,21,4,6,3,10,2
2026-08-30,Napoli,Como,1,2,13,21,2,6,2,7
2026-08-30,Cagliari,Inter,0,1,10,31,0,7,8,6
2026-08-30,Lazio,Genoa,1,0,15,8,2,1,4,2
2026-08-31,Lecce,Roma,0,4,7,15,3,8,2,1
2026-08-31,Atalanta,Bologna,1,0,6,16,2,3,1,2
2026-09-04,Genoa,Como,1,4,11,20,2,9,5,4
2026-09-05,Fiorentina,Torino,1,2,14,7,6,4,3,5
2026-09-05,Inter,Napoli,3,2,29,16,8,7,10,5
2026-09-05,Roma,Atalanta,2,1,39,6,10,2,14,1
2026-09-06,Frosinone,Venezia,3,2,13,15,8,4,5,2
2026-09-06,Parma,Monza,1,1,7,16,3,5,6,3
2026-09-06,Bologna,Sassuolo,2,2,21,15,5,6,10,7
2026-09-06,Juventus,Milan,1,1,14,3,5,1,7,1
2026-09-07,Cagliari,Lecce,1,0,20,10,9,3,7,5
2026-09-07,Udinese,Lazio,1,2,10,19,6,6,2,8
2026-09-11,Venezia,Fiorentina,2,4,10,19,3,10,2,4
2026-09-12,Genoa,Frosinone,1,1,17,26,5,6,8,9
2026-09-12,Lazio,Milan,2,2,8,16,6,7,2,5
2026-09-12,Atalanta,Cagliari,1,2,22,5,4,5,3,2
2026-09-13,Lecce,Monza,3,2,7,19,3,11,4,6
2026-09-13,Napoli,Bologna,1,0,14,5,3,2,10,0
2026-09-13,Sassuolo,Juventus,3,2,10,19,6,8,3,10
2026-09-14,Como,Parma,2,1,29,12,7,4,11,4
2026-09-14,Torino,Roma,0,2,8,14,3,5,1,8
2026-09-14,Inter,Udinese,5,3,27,6,12,5,10,1
2026-09-18,Monza,Sassuolo,2,1,15,20,6,8,7,5
2026-09-19,Bologna,Torino,1,1,11,14,1,3,1,6
2026-09-19,Udinese,Cagliari,0,1,26,5,5,2,16,1
2026-09-19,Roma,Inter,2,2,18,16,4,5,4,2
2026-09-19,Venezia,Lazio,0,2,17,12,6,2,7,2
2026-09-20,Fiorentina,Napoli,1,1,17,13,4,5,4,5
2026-09-20,Frosinone,Como,2,0,22,27,6,8,7,8
2026-09-20,Parma,Genoa,2,1,5,12,2,5,2,5
2026-09-20,Juventus,Atalanta,2,0,14,11,5,2,4,5
2026-09-20,Milan,Lecce,3,0,10,6,4,3,2,3
